ID,Nombre,Publicado,"Descripción corta",Descripción,"Precio normal"
229,"Anillo Oro Amarillo Minimalista",1,"Anillo en oro de 18 quilates certificado, diseño exclusivo.","<ul>\n 	<li>Hecho en Colombia.</li>\n 	<li>Oro de 18 quilates certificado.</li>\n</ul>",
250,"Anillo Oro Amarillo Minimalista - 4.0",1,,,1200000
251,"Anillo Oro Amarillo Minimalista - 4.3",1,,,1200000
252,"Anillo Oro Amarillo Minimalista - 4.5",1,,,1200000
253,"Anillo Oro Amarillo Minimalista - 5.0",1,,,1200000
254,"Anillo Oro Amarillo Minimalista - 5.3",1,,,1200000
255,"Anillo Oro Amarillo Minimalista - 5.5",1,,,1200000
256,"Anillo Oro Amarillo Minimalista - 6.0",1,,,1200000
257,"Anillo Oro Amarillo Minimalista - 6.3",1,,,1200000
258,"Anillo Oro Amarillo Minimalista - 6.5",1,,,1200000
259,"Anillo Oro Amarillo Minimalista - 7.0",1,,,1200000
260,"Anillo Oro Amarillo Minimalista - 7.3",1,,,1200000
261,"Anillo Oro Amarillo Minimalista - 7.5",1,,,1500000
262,"Anillo Oro Amarillo Minimalista - 8.0",1,,,1800000
263,"Anillo Oro Amarillo Minimalista - 8.3",1,,,1800000
264,"Anillo Oro Amarillo Minimalista - 8.5",1,,,1800000
265,"Anillo Oro Amarillo Minimalista - 9.0",1,,,1800000
266,"Anillo Oro Amarillo Minimalista - 9.3",1,,,1800000
267,"Anillo Oro Amarillo Minimalista - 9.5",1,,,1800000
268,"Anillo Oro Amarillo Minimalista - 10.0",1,,,1800000
533,"Anillos de matrimonio en oro amarillo con diamantes estilo FRANCÉS V",1,"Pareja de anillos de matrimonio en oro amarillo con diamantes estilo FRANCÉS V\n\nHecho en Colombia con materiales certificados.\n\n0.22 ct de diamante natural en total\n\nCOLOR DE DIAMANTE I-H <a style=""font-size: 16px; background-color: #ffffff;"" href=""https://ewajoyeria.com/index.php/2024/03/28/color-y-quilates-de-los-diamantes-utilizados-en-ewa-joyeria/"">¿Qué significa esto?</a>\n\nConoce nuestro oro: <a href=""https://ewajoyeria.com/index.php/oro-responsable/"">ORO RESPONSABLE</a>\n\n¿Está interesado en utilizar diamantes de laboratorio?, <a href=""https://ewajoyeria.com/index.php/diamantes-certificados/"">comuníquese con nosotros</a>\n\n<em>Pair of wedding rings in yellow gold with diamonds, FRENCH V style</em>\n\n<em>Made in Colombia with certified materials.</em>\n\n<em>0.22 ct of natural diamond in total</em>\n\n<em>DIAMOND COLOR I-H – What does this mean?</em>\n\n<em>Learn about our gold: RESPONSIBLE GOLD</em>\n\n<em>Interested in using lab-grown diamonds? Contact us.</em>","Pareja de anillos de matrimonio en oro amarillo con diamantes estilo FRANCÉS V\n\nHecho en Colombia con materiales certificados.\n\n0.22 ct de diamante natural en total\n\n¿No sabe la medida de su anillo?, con su celular de clic en este link y siga está guía (en inglés) <a href=""https://ringsizer.moonmagic.com/"">https://ringsizer.moonmagic.com/ </a>\n\nGARANTÍA:\n\nEWA joyería garantiza los materiales y piedras utilizadas de por vida.\n\nEsto incluye descuentos especiales para todos los servicios de mantenimiento ajuste y reparación (algunos gratuitos sujetos a consideración).\n\nPara consultar nuestra garantía en detalle, consulte: <a href=""https://ewajoyeria.com/index.php/garantia-de-joyeria/"">EWA GARANTÍA</a>",
534,"Anillos de matrimonio en oro amarillo con diamantes estilo FRANCÉS V",1,,,4300000
535,"Anillos de matrimonio en oro amarillo con diamantes estilo FRANCÉS V",1,,,4300000
536,"Anillos de matrimonio en oro amarillo con diamantes estilo FRANCÉS V",1,,,4300000
537,"Anillos de matrimonio en oro amarillo con diamantes estilo FRANCÉS V",1,,,4300000
538,"Anillos de matrimonio en oro amarillo con diamantes estilo FRANCÉS V",1,,,4300000
539,"Anillos de matrimonio en oro amarillo con diamantes estilo FRANCÉS V",1,,,4300000
540,"Anillos de matrimonio en oro amarillo con diamantes estilo FRANCÉS V",1,,,4300000
541,"Anillos de matrimonio en oro amarillo con diamantes estilo FRANCÉS V",1,,,4300000
542,"Anillos de matrimonio en oro amarillo con diamantes estilo FRANCÉS V",1,,,4300000
543,"Anillos de matrimonio en oro amarillo con diamantes estilo FRANCÉS V",1,,,4300000
544,"Anillos de matrimonio en oro amarillo con diamantes estilo FRANCÉS V",1,,,4500000
545,"Anillos de matrimonio en oro amarillo con diamantes estilo FRANCÉS V",1,,,4700000
546,"Anillos de matrimonio en oro amarillo con diamantes estilo FRANCÉS V",1,,,4700000
547,"Anillos de matrimonio en oro amarillo con diamantes estilo FRANCÉS V",1,,,4700000
548,"Anillos de matrimonio en oro amarillo con diamantes estilo FRANCÉS V",1,,,4700000
556,"Argollas de Matrimonio Oro Blanco con Diamantes",1,"Argollas de matrimonio en oro blanco de 19 quilates.\n\nDiseño 3D, exclusivo.","<ul>\n 	<li>Hecho en Colombia.</li>\n 	<li>Oro Blanco de 18 Quilates.</li>\n</ul>",
557,"Argollas de Matrimonio Oro Blanco con Diamantes",1,,,4900000
558,"Argollas de Matrimonio Oro Blanco con Diamantes",1,,,4900000
559,"Argollas de Matrimonio Oro Blanco con Diamantes",1,,,4900000
560,"Argollas de Matrimonio Oro Blanco con Diamantes",1,,,4900000
561,"Argollas de Matrimonio Oro Blanco con Diamantes",1,,,4900000
562,"Argollas de Matrimonio Oro Blanco con Diamantes",1,,,4900000
563,"Argollas de Matrimonio Oro Blanco con Diamantes",1,,,4900000
564,"Argollas de Matrimonio Oro Blanco con Diamantes",1,,,4900000
565,"Argollas de Matrimonio Oro Blanco con Diamantes",1,,,4900000
566,"Argollas de Matrimonio Oro Blanco con Diamantes",1,,,4900000
567,"Argollas de Matrimonio Oro Blanco con Diamantes",1,,,4900000
568,"Argollas de Matrimonio Oro Blanco con Diamantes",1,,,5200000
569,"Argollas de Matrimonio Oro Blanco con Diamantes",1,,,5500000
570,"Argollas de Matrimonio Oro Blanco con Diamantes",1,,,5500000
571,"Argollas de Matrimonio Oro Blanco con Diamantes",1,,,5500000
579,"Anillo oro blanco y circón suizo Tous Mujer",1,"Anillo oro blanco y circón suizo Tous Mujer.","<ul>\n 	<li>Hecho en Colombia.</li>\n 	<li>Oro blanco certificado con <strong>espectrometría</strong>.</li>\n 	<li>Piedra circón.</li>\n 	<li>Acabados con rodium.</li>\n</ul>",
580,"Anillo oro blanco y circón suizo Tous Mujer - 4.0",1,,,2000000
581,"Anillo oro blanco y circón suizo Tous Mujer - 4.3",1,,,2000000
582,"Anillo oro blanco y circón suizo Tous Mujer - 4.5",1,,,2000000
583,"Anillo oro blanco y circón suizo Tous Mujer - 5.0",1,,,2000000
584,"Anillo oro blanco y circón suizo Tous Mujer - 5.3",1,,,2000000
585,"Anillo oro blanco y circón suizo Tous Mujer - 5.5",1,,,2000000
586,"Anillo oro blanco y circón suizo Tous Mujer - 6.0",1,,,2000000
587,"Anillo oro blanco y circón suizo Tous Mujer - 6.3",1,,,2000000
588,"Anillo oro blanco y circón suizo Tous Mujer - 6.5",1,,,2000000
589,"Anillo oro blanco y circón suizo Tous Mujer - 7.0",1,,,2000000
590,"Anillo oro blanco y circón suizo Tous Mujer - 7.3",1,,,2000000
591,"Anillo oro blanco y circón suizo Tous Mujer - 7.5",1,,,2500000
592,"Anillo oro blanco y circón suizo Tous Mujer - 8.0",1,,,2800000
593,"Anillo oro blanco y circón suizo Tous Mujer - 8.3",1,,,2800000
594,"Anillo oro blanco y circón suizo Tous Mujer - 8.5",1,,,2800000
595,"Anillo oro blanco y circón suizo Tous Mujer - 9.0",1,,,2800000
596,"Anillo oro blanco y circón suizo Tous Mujer - 9.3",1,,,2800000
597,"Anillo oro blanco y circón suizo Tous Mujer - 9.5",1,,,2800000
598,"Anillo oro blanco y circón suizo Tous Mujer - 10.0",1,,,2800000
600,"Anillos de Matrimonio en oro blanco con diamantes estilo PAVÉ",1,"Anillos de matrimonio en oro blanco con diamantes estilo PAVÉ\n\n0.40 ct de diamantes en total\n\nHecho en Colombia, materiales alta calidad y garantía mantenimiento.","Anillos de matrimonio en oro blanco con diamantes estilo PAVÉ\n\n0.40 ct de diamantes en total\n\nColor de diamante entre rango H-I <a href=""https://ewajoyeria.com/index.php/2024/03/28/color-y-quilates-de-los-diamantes-utilizados-en-ewa-joyeria/"">¿Qué significa esto?</a>\n\nHecho en Colombia con materiales de alta calidad y certificados.\n\nGarantía de por vida para mantenimiento y limpieza.\n\n¿No sabe la medida de su anillo?, con su celular de clic en este link y siga está guía (en inglés) <a href=""https://ringsizer.moonmagic.com/"">https://ringsizer.moonmagic.com/ </a>\n\nPolítica de devoluciones:\n\nSi no está completamente satisfecho con su anillo de oro, aceptamos devoluciones dentro de los 30 días posteriores a la compra. El anillo debe estar en su estado original y sin usar. Para procesar una devolución, comuníquese con nuestro servicio al cliente para obtener más información sobre el proceso de devolución y el reembolso. Tenga en cuenta que los gastos de envío no son reembolsables. ver más detalles aquí.",
601,"Anillos de Matrimonio en oro blanco con diamantes estilo PAVÉ",1,,,3900000
602,"Anillos de Matrimonio en oro blanco con diamantes estilo PAVÉ",1,,,3900000
603,"Anillos de Matrimonio en oro blanco con diamantes estilo PAVÉ",1,,,3900000
604,"Anillos de Matrimonio en oro blanco con diamantes estilo PAVÉ",1,,,3900000
605,"Anillos de Matrimonio en oro blanco con diamantes estilo PAVÉ",1,,,3900000
606,"Anillos de Matrimonio en oro blanco con diamantes estilo PAVÉ",1,,,3900000
607,"Anillos de Matrimonio en oro blanco con diamantes estilo PAVÉ",1,,,3900000
608,"Anillos de Matrimonio en oro blanco con diamantes estilo PAVÉ",1,,,3900000
609,"Anillos de Matrimonio en oro blanco con diamantes estilo PAVÉ",1,,,3900000
610,"Anillos de Matrimonio en oro blanco con diamantes estilo PAVÉ",1,,,3900000
611,"Anillos de Matrimonio en oro blanco con diamantes estilo PAVÉ",1,,,3900000
612,"Anillos de Matrimonio en oro blanco con diamantes estilo PAVÉ",1,,,4200000
613,"Anillos de Matrimonio en oro blanco con diamantes estilo PAVÉ",1,,,4500000
614,"Anillos de Matrimonio en oro blanco con diamantes estilo PAVÉ",1,,,4500000
615,"Anillos de Matrimonio en oro blanco con diamantes estilo PAVÉ",1,,,4500000
771,"Anillos de matrimonio para parejas en oro blanco con diamantes estilo ESCALOPA",1,"Anillos de matrimonio para parejas en oro blanco con diamantes estilo ESCALOPA\n\n.35 ct de diamante en total\n\nCOLOR DE DIAMANTES I-H\n\n<a href=""https://ewajoyeria.com/index.php/2024/03/28/color-y-quilates-de-los-diamantes-utilizados-en-ewa-joyeria/"">¿Qué significa esto?</a>\n\nHecho en Colombia, materiales alta calidad y garantía mantenimiento.","Anillos de matrimonio para parejas en oro blanco con diamantes estilo ESCALOPA\n\n.35 ct de diamante en total\n\nCONOZCA NUESTRO ORO: <a href=""https://ewajoyeria.com/index.php/oro-responsable/"">Oro responsable - EWA Joyería</a>\n\nHecho en Colombia con materiales de alta calidad y certificados.\n\nGarantía de por vida para mantenimiento y limpieza.\n\n¿No sabe la medida de su anillo?, con su celular de clic en este link y siga está guía (en inglés) <a href=""https://ringsizer.moonmagic.com/"">https://ringsizer.moonmagic.com/ </a>\n\nPolítica de devoluciones:\n\nSi no está completamente satisfecho con su anillo de oro, aceptamos devoluciones dentro de los 30 días posteriores a la compra. El anillo debe estar en su estado original y sin usar. Para procesar una devolución, comuníquese con nuestro servicio al cliente para obtener más información sobre el proceso de devolución y el reembolso. Tenga en cuenta que los gastos de envío no son reembolsables. ver más detalles aquí.",
772,"Anillos de matrimonio para parejas en oro blanco con diamantes estilo ESCALOPA",1,,,4000000
773,"Anillos de matrimonio para parejas en oro blanco con diamantes estilo ESCALOPA",1,,,4000000
774,"Anillos de matrimonio para parejas en oro blanco con diamantes estilo ESCALOPA",1,,,4000000
775,"Anillos de matrimonio para parejas en oro blanco con diamantes estilo ESCALOPA",1,,,4000000
776,"Anillos de matrimonio para parejas en oro blanco con diamantes estilo ESCALOPA",1,,,4000000
777,"Anillos de matrimonio para parejas en oro blanco con diamantes estilo ESCALOPA",1,,,4000000
778,"Anillos de matrimonio para parejas en oro blanco con diamantes estilo ESCALOPA",1,,,4000000
779,"Anillos de matrimonio para parejas en oro blanco con diamantes estilo ESCALOPA",1,,,4000000
780,"Anillos de matrimonio para parejas en oro blanco con diamantes estilo ESCALOPA",1,,,4000000
781,"Anillos de matrimonio para parejas en oro blanco con diamantes estilo ESCALOPA",1,,,4000000
782,"Anillos de matrimonio para parejas en oro blanco con diamantes estilo ESCALOPA",1,,,4000000
783,"Anillos de matrimonio para parejas en oro blanco con diamantes estilo ESCALOPA",1,,,4300000
784,"Anillos de matrimonio para parejas en oro blanco con diamantes estilo ESCALOPA",1,,,4500000
785,"Anillos de matrimonio para parejas en oro blanco con diamantes estilo ESCALOPA",1,,,4500000
786,"Anillos de matrimonio para parejas en oro blanco con diamantes estilo ESCALOPA",1,,,4500000
787,"Anillos de matrimonio para parejas en oro blanco con diamantes estilo ESCALOPA",1,,,4500000
788,"Anillos de matrimonio para parejas en oro blanco con diamantes estilo ESCALOPA",1,,,4500000
789,"Anillos de matrimonio para parejas en oro blanco con diamantes estilo ESCALOPA",1,,,4500000
790,"Anillos de matrimonio para parejas en oro blanco con diamantes estilo ESCALOPA",1,,,4500000
795,"Anillo diamantes flotantes e incrustaciones en oro amarillo y blanco",1,"anillo diamantes flotantes e incrustaciones en oro amarillo y blanco certificado.","<ul>\n 	<li>Hecho en Colombia.</li>\n 	<li>Oro certificado con <strong>espectometría</strong>.</li>\n 	<li>Diamantes certificados.</li>\n</ul>",
796,"Anillo diamantes flotantes e incrustaciones en oro amarillo y blanco",1,,,6600000
797,"Anillo diamantes flotantes e incrustaciones en oro amarillo y blanco",1,,,6600000
798,"Anillo diamantes flotantes e incrustaciones en oro amarillo y blanco",1,,,6600000
799,"Anillo diamantes flotantes e incrustaciones en oro amarillo y blanco",1,,,6600000
800,"Anillo diamantes flotantes e incrustaciones en oro amarillo y blanco",1,,,6600000
801,"Anillo diamantes flotantes e incrustaciones en oro amarillo y blanco",1,,,6600000
802,"Anillo diamantes flotantes e incrustaciones en oro amarillo y blanco",1,,,6600000
803,"Anillo diamantes flotantes e incrustaciones en oro amarillo y blanco",1,,,6600000
804,"Anillo diamantes flotantes e incrustaciones en oro amarillo y blanco",1,,,6600000
805,"Anillo diamantes flotantes e incrustaciones en oro amarillo y blanco",1,,,6600000
806,"Anillo diamantes flotantes e incrustaciones en oro amarillo y blanco",1,,,6600000
807,"Anillo diamantes flotantes e incrustaciones en oro amarillo y blanco",1,,,6900000
808,"Anillo diamantes flotantes e incrustaciones en oro amarillo y blanco",1,,,7100000
809,"Anillo diamantes flotantes e incrustaciones en oro amarillo y blanco",1,,,7100000
810,"Anillo diamantes flotantes e incrustaciones en oro amarillo y blanco",1,,,7100000
811,"Anillo diamantes flotantes e incrustaciones en oro amarillo y blanco",1,,,7100000
812,"Anillo diamantes flotantes e incrustaciones en oro amarillo y blanco",1,,,7100000
813,"Anillo diamantes flotantes e incrustaciones en oro amarillo y blanco",1,,,7100000
814,"Anillo diamantes flotantes e incrustaciones en oro amarillo y blanco",1,,,7100000
866,"Anillos de matrimonio en oro amarillo con diamantes estilo FRANCÉS V",1,,,4700000
867,"Anillos de matrimonio en oro amarillo con diamantes estilo FRANCÉS V",1,,,4700000
869,"Argollas de Matrimonio Oro Blanco con Diamantes",1,,,5500000
870,"Argollas de Matrimonio Oro Blanco con Diamantes",1,,,5500000
871,"Argollas de Matrimonio Oro Blanco con Diamantes",1,,,5500000
872,"Argollas de Matrimonio Oro Blanco con Diamantes",1,,,5500000
873,"Anillos de Matrimonio en oro blanco con diamantes estilo PAVÉ",1,,,4500000
874,"Anillos de Matrimonio en oro blanco con diamantes estilo PAVÉ",1,,,4500000
875,"Anillos de Matrimonio en oro blanco con diamantes estilo PAVÉ",1,,,4500000
876,"Anillos de Matrimonio en oro blanco con diamantes estilo PAVÉ",1,,,4500000
883,"Anillos de matrimonio oro amarillo estilo PAVÉ",1,"Anillos de matrimonio en oro amarillo con diamantes estilo\n\nPAVÉ\n\n0.80 ct de diamante en total\n\nCOLOR DE DIAMANTE I-H\n\nHecho en Colombia, materiales alta calidad y garantía mantenimiento.","Anillos de matrimonio en oro amarillo con diamantes estilo PAVÉ\n\n0.80 ct de diamante en total\n\nCOLOR DE DIAMANTE H-I\n\n<a href=""https://ewajoyeria.com/index.php/2024/03/28/color-y-quilates-de-los-diamantes-utilizados-en-ewa-joyeria/"">¿Qué significa esto?</a>\n\nHecho en Colombia con materiales de alta calidad y certificados.\n\nGarantía de por vida para mantenimiento y limpieza.\n\n¿No sabe la medida de su anillo?, con su celular de clic en este link y siga está guía (en inglés) <a href=""https://ringsizer.moonmagic.com/"">https://ringsizer.moonmagic.com/ </a>\n\nPolítica de devoluciones:\n\nSi no está completamente satisfecho con su anillo de oro, aceptamos devoluciones dentro de los 30 días posteriores a la compra. El anillo debe estar en su estado original y sin usar. Para procesar una devolución, comuníquese con nuestro servicio al cliente para obtener más información sobre el proceso de devolución y el reembolso. Tenga en cuenta que los gastos de envío no son reembolsables. ver más detalles aquí.",
884,"Anillos de matrimonio oro amarillo estilo PAVÉ",1,,,6100000
885,"Anillos de matrimonio oro amarillo estilo PAVÉ",1,,,6100000
886,"Anillos de matrimonio oro amarillo estilo PAVÉ",1,,,6100000
887,"Anillos de matrimonio oro amarillo estilo PAVÉ",1,,,6100000
888,"Anillos de matrimonio oro amarillo estilo PAVÉ",1,,,6100000
889,"Anillos de matrimonio oro amarillo estilo PAVÉ",1,,,6100000
890,"Anillos de matrimonio oro amarillo estilo PAVÉ",1,,,6100000
891,"Anillos de matrimonio oro amarillo estilo PAVÉ",1,,,6100000
892,"Anillos de matrimonio oro amarillo estilo PAVÉ",1,,,6100000
893,"Anillos de matrimonio oro amarillo estilo PAVÉ",1,,,6100000
894,"Anillos de matrimonio oro amarillo estilo PAVÉ",1,,,6100000
895,"Anillos de matrimonio oro amarillo estilo PAVÉ",1,,,6400000
896,"Anillos de matrimonio oro amarillo estilo PAVÉ",1,,,6700000
897,"Anillos de matrimonio oro amarillo estilo PAVÉ",1,,,6700000
898,"Anillos de matrimonio oro amarillo estilo PAVÉ",1,,,6700000
899,"Anillos de matrimonio oro amarillo estilo PAVÉ",1,,,6700000
900,"Anillos de matrimonio oro amarillo estilo PAVÉ",1,,,6700000
901,"Anillos de matrimonio oro amarillo estilo PAVÉ",1,,,6700000
902,"Anillos de matrimonio oro amarillo estilo PAVÉ",1,,,6700000
906,"Anillos de matrimonio para parejas en oro blanco ajuste CÓMODO",1,"Anillos de matrimonio para parejas en oro blanco\n\nAJUSTE CÓMODO\n\nEspecialmente diseñado para parejas, el diseño ajuste cómodo está pensado en minimalismo y conforte.\n\nEn adición a su diseño finamente pulido, la elección de oro blanco asegurará la conservación de los anillos.\n\nHecho en Colombia, materiales alta calidad y garantía mantenimiento.","Anillos de matrimonio para parejas en oro blanco\n\nAJUSTE CÓMODO\n\nHecho en Colombia con materiales de alta calidad y certificados.\n\nCONOZCA NUESTRO ORO: <a href=""https://ewajoyeria.com/index.php/oro-responsable/"">Oro responsable - EWA Joyería</a>\n\nGarantía de por vida para mantenimiento y limpieza.\n\n¿No sabe la medida de su anillo?, con su celular de clic en este link y siga está guía (en inglés) <a href=""https://ringsizer.moonmagic.com/"">https://ringsizer.moonmagic.com/ </a>\n\nPolítica de devoluciones:\n\nSi no está completamente satisfecho con su anillo de oro, aceptamos devoluciones dentro de los 30 días posteriores a la compra. El anillo debe estar en su estado original y sin usar. Para procesar una devolución, comuníquese con nuestro servicio al cliente para obtener más información sobre el proceso de devolución y el reembolso. Tenga en cuenta que los gastos de envío no son reembolsables. ver más detalles aquí.",
907,"Anillos de matrimonio para parejas en oro blanco ajuste CÓMODO",1,,,2800000
908,"Anillos de matrimonio para parejas en oro blanco ajuste CÓMODO",1,,,2800000
909,"Anillos de matrimonio para parejas en oro blanco ajuste CÓMODO",1,,,2800000
910,"Anillos de matrimonio para parejas en oro blanco ajuste CÓMODO",1,,,2800000
911,"Anillos de matrimonio para parejas en oro blanco ajuste CÓMODO",1,,,2800000
912,"Anillos de matrimonio para parejas en oro blanco ajuste CÓMODO",1,,,2800000
913,"Anillos de matrimonio para parejas en oro blanco ajuste CÓMODO",1,,,2800000
914,"Anillos de matrimonio para parejas en oro blanco ajuste CÓMODO",1,,,2800000
915,"Anillos de matrimonio para parejas en oro blanco ajuste CÓMODO",1,,,2800000
916,"Anillos de matrimonio para parejas en oro blanco ajuste CÓMODO",1,,,2800000
917,"Anillos de matrimonio para parejas en oro blanco ajuste CÓMODO",1,,,2800000
918,"Anillos de matrimonio para parejas en oro blanco ajuste CÓMODO",1,,,3100000
919,"Anillos de matrimonio para parejas en oro blanco ajuste CÓMODO",1,,,3300000
920,"Anillos de matrimonio para parejas en oro blanco ajuste CÓMODO",1,,,3300000
921,"Anillos de matrimonio para parejas en oro blanco ajuste CÓMODO",1,,,3300000
922,"Anillos de matrimonio para parejas en oro blanco ajuste CÓMODO",1,,,3300000
923,"Anillos de matrimonio para parejas en oro blanco ajuste CÓMODO",1,,,3300000
924,"Anillos de matrimonio para parejas en oro blanco ajuste CÓMODO",1,,,3300000
925,"Anillos de matrimonio para parejas en oro blanco ajuste CÓMODO",1,,,3300000
994,"Anillo de Compromiso Oro Blanco Con Diamante Seis Puntas",1,"Anillo de compromiso en oro blanco de 18 quilates.","<ul>\n 	<li>Hecho en Colombia.</li>\n 	<li>Oro Blanco de 18 Quilates.</li>\n</ul>",
995,"Anillo de Compromiso Oro Blanco Con Diamante Seis Puntas",1,,,6600000
996,"Anillo de Compromiso Oro Blanco Con Diamante Seis Puntas",1,,,6600000
997,"Anillo de Compromiso Oro Blanco Con Diamante Seis Puntas",1,,,6600000
998,"Anillo de Compromiso Oro Blanco Con Diamante Seis Puntas",1,,,6600000
999,"Anillo de Compromiso Oro Blanco Con Diamante Seis Puntas",1,,,6600000
1000,"Anillo de Compromiso Oro Blanco Con Diamante Seis Puntas",1,,,6600000
1001,"Anillo de Compromiso Oro Blanco Con Diamante Seis Puntas",1,,,6600000
1002,"Anillo de Compromiso Oro Blanco Con Diamante Seis Puntas",1,,,6600000
1003,"Anillo de Compromiso Oro Blanco Con Diamante Seis Puntas",1,,,6600000
1004,"Anillo de Compromiso Oro Blanco Con Diamante Seis Puntas",1,,,6600000
1005,"Anillo de Compromiso Oro Blanco Con Diamante Seis Puntas",1,,,6600000
1006,"Anillo de Compromiso Oro Blanco Con Diamante Seis Puntas",1,,,6100000
1007,"Anillo de Compromiso Oro Blanco Con Diamante Seis Puntas",1,,,6400000
1008,"Anillo de Compromiso Oro Blanco Con Diamante Seis Puntas",1,,,6400000
1009,"Anillo de Compromiso Oro Blanco Con Diamante Seis Puntas",1,,,6400000
1010,"Anillo de Compromiso Oro Blanco Con Diamante Seis Puntas",1,,,6400000
1011,"Anillo de Compromiso Oro Blanco Con Diamante Seis Puntas",1,,,6400000
1012,"Anillo de Compromiso Oro Blanco Con Diamante Seis Puntas",1,,,6400000
1013,"Anillo de Compromiso Oro Blanco Con Diamante Seis Puntas",1,,,6400000
1016,"Anillo de Compromiso Oro Blanco Con Diamante Solitario",1,"Anillo de compromiso en oro blanco de 18 quilates.","<ul>\n 	<li>Hecho en Colombia.</li>\n 	<li>Oro Blanco de 18 Quilates.</li>\n</ul>",
1017,"Anillo de Compromiso Oro Blanco Con Diamante Solitario",1,,,6800000
1018,"Anillo de Compromiso Oro Blanco Con Diamante Solitario",1,,,6800000
1019,"Anillo de Compromiso Oro Blanco Con Diamante Solitario",1,,,6800000
1020,"Anillo de Compromiso Oro Blanco Con Diamante Solitario",1,,,6800000
1021,"Anillo de Compromiso Oro Blanco Con Diamante Solitario",1,,,6800000
1022,"Anillo de Compromiso Oro Blanco Con Diamante Solitario",1,,,6800000
1023,"Anillo de Compromiso Oro Blanco Con Diamante Solitario",1,,,6800000
1024,"Anillo de Compromiso Oro Blanco Con Diamante Solitario",1,,,6800000
1025,"Anillo de Compromiso Oro Blanco Con Diamante Solitario",1,,,6800000
1026,"Anillo de Compromiso Oro Blanco Con Diamante Solitario",1,,,6800000
1027,"Anillo de Compromiso Oro Blanco Con Diamante Solitario",1,,,6800000
1028,"Anillo de Compromiso Oro Blanco Con Diamante Solitario",1,,,7100000
1029,"Anillo de Compromiso Oro Blanco Con Diamante Solitario",1,,,7400000
1030,"Anillo de Compromiso Oro Blanco Con Diamante Solitario",1,,,7400000
1031,"Anillo de Compromiso Oro Blanco Con Diamante Solitario",1,,,7400000
1032,"Anillo de Compromiso Oro Blanco Con Diamante Solitario",1,,,7400000
1033,"Anillo de Compromiso Oro Blanco Con Diamante Solitario",1,,,7400000
1034,"Anillo de Compromiso Oro Blanco Con Diamante Solitario",1,,,7400000
1035,"Anillo de Compromiso Oro Blanco Con Diamante Solitario",1,,,7400000
1038,"Anillo de compromiso diamante SOLITARIO en oro blanco ajuste CÓMODO",1,"Anillo de compromiso diamante SOLITARIO en oro blanco\n\nAjuste CÓMODO\n\n.35 ct de diamante piedra central\n\nCOLOR DE DIAMANTES I-H\n\n<a href=""https://ewajoyeria.com/index.php/2024/03/28/color-y-quilates-de-los-diamantes-utilizados-en-ewa-joyeria/"">¿Qué significa esto?</a>\n\nUn diseño minimalista, característico de EWA joyería. Resalta un diamante natural con un diseño finamente pulido pensando en tu conforte.\n\nHecho en Colombia, materiales alta calidad y garantía mantenimiento.","Anillo de compromiso diamante solitario en oro blanco\n\n.35 ct de diamante piedra central\n\nCONOZCA NUESTRO ORO: <a href=""https://ewajoyeria.com/index.php/oro-responsable/"">Oro responsable - EWA Joyería</a>\n\nHecho en Colombia con materiales de alta calidad y certificados.\n\nGarantía de por vida para mantenimiento y limpieza.\n\n¿No sabe la medida de su anillo?, con su celular de clic en este link y siga está guía (en inglés) <a href=""https://ringsizer.moonmagic.com/"">https://ringsizer.moonmagic.com/ </a>\n\nPolítica de devoluciones:\n\nSi no está completamente satisfecho con su anillo de oro, aceptamos devoluciones dentro de los 30 días posteriores a la compra. El anillo debe estar en su estado original y sin usar. Para procesar una devolución, comuníquese con nuestro servicio al cliente para obtener más información sobre el proceso de devolución y el reembolso. Tenga en cuenta que los gastos de envío no son reembolsables. ver más detalles aquí.",
1063,"Aretes en Oro Amarillo y Esmeraldas",1,"Anillo en oro de 18 quilates certificado, diseño exclusivo.","<ul>\n 	<li>Hecho en Colombia.</li>\n 	<li>Oro de 18 quilates certificado.</li>\n</ul>",
1101,"Aretes en Oro Amarillo y Esmeraldas - Talla Única",1,,,3500000
1126,"Pulsera Oro Amarillo y Diamantes Negros Neopreno",1,"Anillo en oro de 18 quilates certificado, diseño exclusivo.","<ul>\n 	<li>Hecho en Colombia.</li>\n 	<li>Oro de 18 quilates certificado.</li>\n</ul>",
1127,"Pulsera Oro Amarillo y Diamantes Negros Neopreno - Talla Única",1,,,4800000
1231,"Cadena de perlas estilo MALLORCA",1,"Cadena de perlas seminaturales MALLORCA\n\nUnisex\n\nAccesorio exclusivo y fabricado por EWA joyería. Complementa tu estilo con una cadena minimalista y con perlas certificadas.","Cadena de perlas MALLORCA\n\nUNISEX\n\nHecho en Colombia con materiales de alta calidad y certificados.\n\nGarantía de por vida para mantenimiento y limpieza.\n\nPolítica de devoluciones:\n\nSi no está completamente satisfecho con su anillo de oro, aceptamos devoluciones dentro de los 30 días posteriores a la compra. El anillo debe estar en su estado original y sin usar. Para procesar una devolución, comuníquese con nuestro servicio al cliente para obtener más información sobre el proceso de devolución y el reembolso. Tenga en cuenta que los gastos de envío no son reembolsables. ver más detalles aquí.",
1232,"Cadena de perlas estilo MALLORCA - Talla Única",1,,,220000
1682,"Anillo compromiso oro blanco Solitario con diamante 6 puntas Chanel",1,"Anillo compromiso oro blanco 6 puntas Chanel, solitario 0.25ct + diamantes 0.20ct. Hecho en Colombia, materiales alta calidad y garantía mantenimiento","Anillo de compromiso en oro blanco con solitario de 6 puntas estilo Chanel.\n\nSolitario de 0.25 quilates y diamantes adicionales 0.20 quilates.\n\nHecho en Colombia con materiales de alta calidad y certificados.\n\nGarantía de por vida para mantenimiento y limpieza.\n\n&nbsp;\n\nPolítica de devoluciones:\n\nSi no está completamente satisfecho con su anillo de oro, aceptamos devoluciones dentro de los 30 días posteriores a la compra. El anillo debe estar en su estado original y sin usar. Para procesar una devolución, comuníquese con nuestro servicio al cliente para obtener más información sobre el proceso de devolución y el reembolso. Tenga en cuenta que los gastos de envío no son reembolsables. ver más detalles aquí.",
1683,"Anillo compromiso oro blanco Solitario con diamante 6 puntas Chanel - 4.0",1,,,4000000
1684,"Anillo compromiso oro blanco Solitario con diamante 6 puntas Chanel - 4.3",1,,,4000000
1685,"Anillo compromiso oro blanco Solitario con diamante 6 puntas Chanel - 4.5",1,,,4000000
1686,"Anillo compromiso oro blanco Solitario con diamante 6 puntas Chanel - 5.0",1,,,4000000
1687,"Anillo compromiso oro blanco Solitario con diamante 6 puntas Chanel - 5.3",1,,,4000000
1688,"Anillo compromiso oro blanco Solitario con diamante 6 puntas Chanel - 5.5",1,,,4000000
1689,"Anillo compromiso oro blanco Solitario con diamante 6 puntas Chanel - 6.0",1,,,4000000
1690,"Anillo compromiso oro blanco Solitario con diamante 6 puntas Chanel - 6.3",1,,,4000000
1691,"Anillo compromiso oro blanco Solitario con diamante 6 puntas Chanel - 6.5",1,,,4000000
1692,"Anillo compromiso oro blanco Solitario con diamante 6 puntas Chanel - 7.0",1,,,4200000
1693,"Anillo compromiso oro blanco Solitario con diamante 6 puntas Chanel - 7.3",1,,,4300000
1694,"Anillo compromiso oro blanco Solitario con diamante 6 puntas Chanel - 7.5",1,,,4300000
1695,"Anillo compromiso oro blanco Solitario con diamante 6 puntas Chanel - 8.0",1,,,4300000
1696,"Anillo compromiso oro blanco Solitario con diamante 6 puntas Chanel - 8.3",1,,,4300000
1697,"Anillo compromiso oro blanco Solitario con diamante 6 puntas Chanel - 8.5",1,,,4300000
1698,"Anillo compromiso oro blanco Solitario con diamante 6 puntas Chanel - 9.0",1,,,4300000
1699,"Anillo compromiso oro blanco Solitario con diamante 6 puntas Chanel - 9.3",1,,,4300000
1700,"Anillo compromiso oro blanco Solitario con diamante 6 puntas Chanel - 9.5",1,,,4300000
1701,"Anillo compromiso oro blanco Solitario con diamante 6 puntas Chanel - 10.0",1,,,4300000
1706,"Anillo compromiso oro blanco diamante 4 puntas derivación",1,"Anillo compromiso oro blanco 4 puntas estilo derivación, solitario 0.25ct+diamantes 0.20ct. Hecho en Colombia, materiales alta calidad y garantía mantenimiento","Anillo de compromiso en oro blanco con solitario de 4 puntas estilo DERIVACIÓN.\n\nSolitario de 0.30 quilates y diamantes adicionales 0.20 quilates.\n\nHecho en Colombia con materiales de alta calidad y certificados.\n\nGarantía de por vida para mantenimiento y limpieza.\n\n&nbsp;\n\nPolítica de devoluciones:\n\nSi no está completamente satisfecho con su anillo de oro, aceptamos devoluciones dentro de los 30 días posteriores a la compra. El anillo debe estar en su estado original y sin usar. Para procesar una devolución, comuníquese con nuestro servicio al cliente para obtener más información sobre el proceso de devolución y el reembolso. Tenga en cuenta que los gastos de envío no son reembolsables. ver más detalles aquí.",
1708,"Anillo compromiso oro blanco diamante 4 puntas derivación - 4.0",1,,,5100000
1709,"Anillo compromiso oro blanco diamante 4 puntas derivación - 4.3",1,,,5100000
1711,"Anillo compromiso oro blanco diamante 4 puntas derivación - 4.5",1,,,5100000
1714,"Anillo compromiso oro blanco diamante 4 puntas derivación - 5.0",1,,,5100000
1716,"Anillo compromiso oro blanco diamante 4 puntas derivación - 5.3",1,,,5100000
1718,"Anillo compromiso oro blanco diamante 4 puntas derivación - 5.5",1,,,5100000
1720,"Anillo compromiso oro blanco diamante 4 puntas derivación - 6.0",1,,,5100000
1722,"Anillo compromiso oro blanco diamante 4 puntas derivación - 6.3",1,,,5100000
1723,"Anillo compromiso oro blanco diamante 4 puntas derivación - 6.5",1,,,5100000
1725,"Anillo compromiso oro blanco diamante 4 puntas derivación - 7.0",1,,,5300000
1728,"Anillo compromiso oro blanco diamante 4 puntas derivación - 7.3",1,,,5400000
1730,"Anillo compromiso oro blanco diamante 4 puntas derivación - 7.5",1,,,5400000
1732,"Anillo compromiso oro blanco diamante 4 puntas derivación - 8.0",1,,,5400000
1734,"Anillo compromiso oro blanco diamante 4 puntas derivación - 8.3",1,,,5400000
1735,"Anillo compromiso oro blanco diamante 4 puntas derivación - 8.5",0,,,5400000
1737,"Anillo compromiso oro blanco diamante 4 puntas derivación - 9.0",1,,,
1739,"Anillo compromiso oro blanco diamante 4 puntas derivación - 9.3",1,,,5400000
1742,"Anillo compromiso oro blanco diamante 4 puntas derivación - 9.5",1,,,5400000
1744,"Anillo compromiso oro blanco diamante 4 puntas derivación - 10.0",1,,,5400000
1749,"Anillo compromiso oro blanco solitario diamante 4 puntas óvalo",1,"Anillo compromiso oro blanco 4 puntas estilo óvalo, solitario 0.40ct+diamantes 0.18ct. Hecho en Colombia, materiales alta calidad y garantía mantenimiento","Anillo de compromiso en oro blanco con solitario de 4 puntas estilo óvalo.\n\nSolitario de 0.40 quilates y diamantes adicionales 0.18 quilates.\n\nHecho en Colombia con materiales de alta calidad y certificados.\n\nGarantía de por vida para mantenimiento y limpieza.\n\n&nbsp;\n\nPolítica de devoluciones:\n\nSi no está completamente satisfecho con su anillo de oro, aceptamos devoluciones dentro de los 30 días posteriores a la compra. El anillo debe estar en su estado original y sin usar. Para procesar una devolución, comuníquese con nuestro servicio al cliente para obtener más información sobre el proceso de devolución y el reembolso. Tenga en cuenta que los gastos de envío no son reembolsables. ver más detalles aquí.",
1750,"Anillo compromiso oro blanco solitario diamante 4 puntas óvalo - 4.0",1,,,6500000
1751,"Anillo compromiso oro blanco solitario diamante 4 puntas óvalo - 4.3",1,,,6500000
1752,"Anillo compromiso oro blanco solitario diamante 4 puntas óvalo - 4.5",1,,,6500000
1753,"Anillo compromiso oro blanco solitario diamante 4 puntas óvalo - 5.0",1,,,6500000
1754,"Anillo compromiso oro blanco solitario diamante 4 puntas óvalo - 5.3",1,,,6500000
1755,"Anillo compromiso oro blanco solitario diamante 4 puntas óvalo - 5.5",1,,,6500000
1756,"Anillo compromiso oro blanco solitario diamante 4 puntas óvalo - 6.0",1,,,6500000
1757,"Anillo compromiso oro blanco solitario diamante 4 puntas óvalo - 6.3",1,,,6500000
1758,"Anillo compromiso oro blanco solitario diamante 4 puntas óvalo - 6.5",1,,,6500000
1759,"Anillo compromiso oro blanco solitario diamante 4 puntas óvalo - 7.0",1,,,6600000
1760,"Anillo compromiso oro blanco solitario diamante 4 puntas óvalo - 7.3",1,,,6600000
1761,"Anillo compromiso oro blanco solitario diamante 4 puntas óvalo - 7.5",1,,,6600000
1762,"Anillo compromiso oro blanco solitario diamante 4 puntas óvalo - 8.0",1,,,6600000
1763,"Anillo compromiso oro blanco solitario diamante 4 puntas óvalo - 8.3",1,,,6600000
1764,"Anillo compromiso oro blanco solitario diamante 4 puntas óvalo - 8.5",0,,,6600000
1765,"Anillo compromiso oro blanco solitario diamante 4 puntas óvalo - 9.0",1,,,6600000
1766,"Anillo compromiso oro blanco solitario diamante 4 puntas óvalo - 9.3",1,,,6600000
1767,"Anillo compromiso oro blanco solitario diamante 4 puntas óvalo - 9.5",1,,,6600000
1768,"Anillo compromiso oro blanco solitario diamante 4 puntas óvalo - 10.0",1,,,6600000
1772,"Anillo compromiso oro blanco solitario diamante 4 puntas forma libre",1,"Anillo compromiso oro blanco 4 puntas estilo forma libre, solitario 0.20ct. Hecho en Colombia, materiales alta calidad y garantía mantenimiento.","Anillo de compromiso en oro blanco con solitario de 4 puntas estilo forma libre.\n\nSolitario de 0.20 quilates.\n\nHecho en Colombia con materiales de alta calidad y certificados.\n\nGarantía de por vida para mantenimiento y limpieza.\n\n&nbsp;\n\nPolítica de devoluciones:\n\nSi no está completamente satisfecho con su anillo de oro, aceptamos devoluciones dentro de los 30 días posteriores a la compra. El anillo debe estar en su estado original y sin usar. Para procesar una devolución, comuníquese con nuestro servicio al cliente para obtener más información sobre el proceso de devolución y el reembolso. Tenga en cuenta que los gastos de envío no son reembolsables. ver más detalles aquí.",
1773,"Anillo compromiso oro blanco solitario diamante 4 puntas forma libre - 4.0",1,,,3200000
1774,"Anillo compromiso oro blanco solitario diamante 4 puntas forma libre - 4.3",1,,,3200000
1775,"Anillo compromiso oro blanco solitario diamante 4 puntas forma libre - 4.5",1,,,3200000
1776,"Anillo compromiso oro blanco solitario diamante 4 puntas forma libre - 5.0",1,,,3200000
1777,"Anillo compromiso oro blanco solitario diamante 4 puntas forma libre - 5.3",1,,,3200000
1778,"Anillo compromiso oro blanco solitario diamante 4 puntas forma libre - 5.5",1,,,3200000
1779,"Anillo compromiso oro blanco solitario diamante 4 puntas forma libre - 6.0",1,,,3200000
1780,"Anillo compromiso oro blanco solitario diamante 4 puntas forma libre - 6.3",1,,,3200000
1781,"Anillo compromiso oro blanco solitario diamante 4 puntas forma libre - 6.5",1,,,3200000
1782,"Anillo compromiso oro blanco solitario diamante 4 puntas forma libre - 7.0",1,,,3400000
1783,"Anillo compromiso oro blanco solitario diamante 4 puntas forma libre - 7.3",1,,,3500000
1784,"Anillo compromiso oro blanco solitario diamante 4 puntas forma libre - 7.5",1,,,3500000
1785,"Anillo compromiso oro blanco solitario diamante 4 puntas forma libre - 8.0",1,,,3500000
1786,"Anillo compromiso oro blanco solitario diamante 4 puntas forma libre - 8.3",1,,,3500000
1787,"Anillo compromiso oro blanco solitario diamante 4 puntas forma libre - 8.5",0,,,3500000
1788,"Anillo compromiso oro blanco solitario diamante 4 puntas forma libre - 9.0",1,,,3500000
1789,"Anillo compromiso oro blanco solitario diamante 4 puntas forma libre - 9.3",1,,,3500000
1790,"Anillo compromiso oro blanco solitario diamante 4 puntas forma libre - 9.5",1,,,3500000
1791,"Anillo compromiso oro blanco solitario diamante 4 puntas forma libre - 10.0",1,,,3500000
1795,"Anillo compromiso oro blanco solitario diamante derivación 2",1,"Anillo compromiso oro blanco estilo derivación número 2, solitario 0.20ct. Hecho en Colombia, materiales alta calidad y garantía mantenimiento.","NOTA: IMPORTANTE, EL DIAMANTE ROSADO TIENE UN COSTO ADICIONAL, EL PRECIO SE CALCULA TOMANDO EN CUENTA QUE EL DIAMANTE SERÁ SIN COLOR.\nAnillo de compromiso en oro blanco con solitario estilo derivación.\n\nSolitario de 0.20 quilates.\n\nHecho en Colombia con materiales de alta calidad y certificados.\n\nGarantía de por vida para mantenimiento y limpieza.\n\n&nbsp;\n\nPolítica de devoluciones:\n\nSi no está completamente satisfecho con su anillo de oro, aceptamos devoluciones dentro de los 30 días posteriores a la compra. El anillo debe estar en su estado original y sin usar. Para procesar una devolución, comuníquese con nuestro servicio al cliente para obtener más información sobre el proceso de devolución y el reembolso. Tenga en cuenta que los gastos de envío no son reembolsables. ver más detalles aquí.",
1796,"Anillo compromiso oro blanco solitario diamante derivación 2 - 4.0",1,,,3800000
1797,"Anillo compromiso oro blanco solitario diamante derivación 2 - 4.3",1,,,3800000
1798,"Anillo compromiso oro blanco solitario diamante derivación 2 - 4.5",1,,,3800000
1799,"Anillo compromiso oro blanco solitario diamante derivación 2 - 5.0",1,,,3800000
1800,"Anillo compromiso oro blanco solitario diamante derivación 2 - 5.3",1,,,3800000
1801,"Anillo compromiso oro blanco solitario diamante derivación 2 - 5.5",1,,,3800000
1802,"Anillo compromiso oro blanco solitario diamante derivación 2 - 6.0",1,,,3800000
1803,"Anillo compromiso oro blanco solitario diamante derivación 2 - 6.3",1,,,3800000
1804,"Anillo compromiso oro blanco solitario diamante derivación 2 - 6.5",1,,,3800000
1805,"Anillo compromiso oro blanco solitario diamante derivación 2 - 7.0",1,,,4000000
1806,"Anillo compromiso oro blanco solitario diamante derivación 2 - 7.3",1,,,4150000
1807,"Anillo compromiso oro blanco solitario diamante derivación 2 - 7.5",1,,,4150000
1808,"Anillo compromiso oro blanco solitario diamante derivación 2 - 8.0",1,,,4150000
1809,"Anillo compromiso oro blanco solitario diamante derivación 2 - 8.3",1,,,4150000
1810,"Anillo compromiso oro blanco solitario diamante derivación 2 - 8.5",0,,,4150000
1811,"Anillo compromiso oro blanco solitario diamante derivación 2 - 9.0",1,,,4150000
1812,"Anillo compromiso oro blanco solitario diamante derivación 2 - 9.3",1,,,4150000
1813,"Anillo compromiso oro blanco solitario diamante derivación 2 - 9.5",1,,,4150000
1814,"Anillo compromiso oro blanco solitario diamante derivación 2 - 10.0",1,,,3500000
2131,"Aretes estrella en oro blanco con diamantes",1,"Compra segura.","<ul>\n 	<li>Oro blanco</li>\n 	<li>Diamante principal de 0.25 ct (total 0.50)</li>\n 	<li>Diamantes pequeños (12) 0.15 ct }</li>\n 	<li>Hecho en Colombia con oro responsable y diamantes certificados.</li>\n</ul>",
2132,"Aretes estrella en oro blanco con diamantes - Talla Única, Oro Blanco",1,,,5099000
2135,"Aretes estrella en oro blanco con diamantes - Talla Única, Oro Amarillo",1,,,5300000
2147,"Aretes 4 garras en oro blanco con diamantes",1,"Compra segura.","<ul>\n 	<li>Oro blanco</li>\n 	<li>Diamantes principales de 0.40 ct.</li>\n 	<li>Hecho en Colombia con oro responsable y diamantes certificados.</li>\n</ul>",
2148,"Aretes 4 garras en oro blanco con diamantes - Talla Única, Oro Blanco",1,,,4000000
2149,"Aretes 4 garras en oro blanco con diamantes - Talla Única, Oro Amarillo",1,,,4200000
2156,"Aretes Lady en oro blanco con diamantes",1,"Compra segura.","<ul>\n 	<li>Oro blanco</li>\n 	<li>0.50 puntos Diamantes principales.</li>\n 	<li>0.20 ct Diamantes secundarios.</li>\n 	<li>Hecho en Colombia con oro responsable y diamantes certificados.</li>\n</ul>",
2157,"Aretes Lady en oro blanco con diamantes - Talla Única, Oro Blanco",1,,,5600000
2158,"Aretes Lady en oro blanco con diamantes - Talla Única, Oro Amarillo",1,,,5800000
2162,"Aretes LLUVIA en oro blanco con diamantes",1,"Compra segura.","<ul>\n 	<li>Oro blanco</li>\n 	<li>0.36 quilates de Diamantes en total.</li>\n 	<li>Hecho en Colombia con oro responsable y diamantes certificados.</li>\n</ul>",
2163,"Aretes LLUVIA en oro blanco con diamantes - Talla Única, Oro Blanco",1,,,2800000
2164,"Aretes LLUVIA en oro blanco con diamantes - Talla Única, Oro Amarillo",1,,,2800000
2167,"Aretes trebol en oro blanco con diamantes",1,"Compra segura.","<ul>\n 	<li>Disponibles en Oro blanco y Oro Amarillo.</li>\n 	<li>Diamantes de 0.20 ct (o.10 ct cada uno).</li>\n 	<li>Hecho en Colombia con oro responsable y diamantes certificados.</li>\n</ul>",
2168,"Aretes trebol en oro blanco con diamantes - Talla Única, Oro Blanco",1,,,1700000
2169,"Aretes trebol en oro blanco con diamantes - Talla Única, Oro Amarillo",1,,,1800000
2408,"Anillo en oro amarillo con diamantes en ajuste de barra",1,"Anillo en oro amarillo con diamantes en ajuste de barra\n\n0.15 quilates de diamantes en total\n\nHecho en Colombia, materiales alta calidad y garantía mantenimiento.","Anillo en oro amarillo con diamantes en ajuste de barra\n\n0.15 quilates de diamantes en total\n\nHecho en Colombia con materiales de alta calidad y certificados.\n\nGarantía de por vida para mantenimiento y limpieza.\n\n&nbsp;\n\nPolítica de devoluciones:\n\nSi no está completamente satisfecho con su anillo de oro, aceptamos devoluciones dentro de los 30 días posteriores a la compra. El anillo debe estar en su estado original y sin usar. Para procesar una devolución, comuníquese con nuestro servicio al cliente para obtener más información sobre el proceso de devolución y el reembolso. Tenga en cuenta que los gastos de envío no son reembolsables. ver más detalles aquí.",
2409,"Anillo en oro amarillo con diamantes en ajuste de barra - 4.0",1,,,1850000
2410,"Anillo en oro amarillo con diamantes en ajuste de barra - 4.3",1,,,1850000
2411,"Anillo en oro amarillo con diamantes en ajuste de barra - 4.5",1,,,1850000
2412,"Anillo en oro amarillo con diamantes en ajuste de barra - 5.0",1,,,1850000
2413,"Anillo en oro amarillo con diamantes en ajuste de barra - 5.3",1,,,1850000
2414,"Anillo en oro amarillo con diamantes en ajuste de barra - 5.5",1,,,1850000
2415,"Anillo en oro amarillo con diamantes en ajuste de barra - 6.0",1,,,1850000
2416,"Anillo en oro amarillo con diamantes en ajuste de barra - 6.3",1,,,1850000
2417,"Anillo en oro amarillo con diamantes en ajuste de barra - 6.5",1,,,1850000
2418,"Anillo en oro amarillo con diamantes en ajuste de barra - 7.0",1,,,1850000
2419,"Anillo en oro amarillo con diamantes en ajuste de barra - 7.3",1,,,1850000
2420,"Anillo en oro amarillo con diamantes en ajuste de barra - 7.5",1,,,1850000
2421,"Anillo en oro amarillo con diamantes en ajuste de barra - 8.0",1,,,1850000
2422,"Anillo en oro amarillo con diamantes en ajuste de barra - 8.3",1,,,1850000
2423,"Anillo en oro amarillo con diamantes en ajuste de barra - 8.5",0,,,1950000
2424,"Anillo en oro amarillo con diamantes en ajuste de barra - 9.0",1,,,1950000
2425,"Anillo en oro amarillo con diamantes en ajuste de barra - 9.3",1,,,1950000
2426,"Anillo en oro amarillo con diamantes en ajuste de barra - 9.5",1,,,1950000
2427,"Anillo en oro amarillo con diamantes en ajuste de barra - 10.0",1,,,1950000
2432,"Anillo en oro amarillo con diamantes estilo en V",1,"Anillo en oro amarillo con estilo en V\n\n0.25 quilates de diamantes en total\n\nHecho en Colombia, materiales alta calidad y garantía mantenimiento.","Anillo en oro amarillo con diamantes en estilo V (con ajuste de puntas superficiales)\n\n0.25 quilates de diamantes en total\n\nHecho en Colombia con materiales de alta calidad y certificados.\n\nGarantía de por vida para mantenimiento y limpieza.\n\n&nbsp;\n\nPolítica de devoluciones:\n\nSi no está completamente satisfecho con su anillo de oro, aceptamos devoluciones dentro de los 30 días posteriores a la compra. El anillo debe estar en su estado original y sin usar. Para procesar una devolución, comuníquese con nuestro servicio al cliente para obtener más información sobre el proceso de devolución y el reembolso. Tenga en cuenta que los gastos de envío no son reembolsables. ver más detalles aquí.",
2433,"Anillo en oro amarillo con diamantes estilo en V - 4.0",1,,,2430000
2434,"Anillo en oro amarillo con diamantes estilo en V - 4.3",1,,,2430000
2435,"Anillo en oro amarillo con diamantes estilo en V - 4.5",1,,,2430000
2436,"Anillo en oro amarillo con diamantes estilo en V - 5.0",1,,,2430000
2437,"Anillo en oro amarillo con diamantes estilo en V - 5.3",1,,,2430000
2438,"Anillo en oro amarillo con diamantes estilo en V - 5.5",1,,,2430000
2439,"Anillo en oro amarillo con diamantes estilo en V - 6.0",1,,,2430000
2440,"Anillo en oro amarillo con diamantes estilo en V - 6.3",1,,,2430000
2441,"Anillo en oro amarillo con diamantes estilo en V - 6.5",1,,,2430000
2442,"Anillo en oro amarillo con diamantes estilo en V - 7.0",1,,,2430000
2443,"Anillo en oro amarillo con diamantes estilo en V - 7.3",1,,,2430000
2444,"Anillo en oro amarillo con diamantes estilo en V - 7.5",1,,,2430000
2445,"Anillo en oro amarillo con diamantes estilo en V - 8.0",1,,,2450000
2446,"Anillo en oro amarillo con diamantes estilo en V - 8.3",1,,,2450000
2447,"Anillo en oro amarillo con diamantes estilo en V - 8.5",0,,,2450000
2448,"Anillo en oro amarillo con diamantes estilo en V - 9.0",1,,,2450000
2449,"Anillo en oro amarillo con diamantes estilo en V - 9.3",1,,,2450000
2450,"Anillo en oro amarillo con diamantes estilo en V - 9.5",1,,,2450000
2451,"Anillo en oro amarillo con diamantes estilo en V - 10.0",1,,,2450000
2457,"Anillo en oro amarillo con diamantes estilo en V ajuste escalopa",1,"Anillo en oro amarillo con estilo en V\n\n0.25 quilates de diamantes en total\n\nHecho en Colombia, materiales alta calidad y garantía mantenimiento.","Anillo en oro amarillo con diamantes en estilo V (con ajuste de escalopa)\n\n0.25 quilates de diamantes en total\n\nHecho en Colombia con materiales de alta calidad y certificados.\n\nGarantía de por vida para mantenimiento y limpieza.\n\n&nbsp;\n\nPolítica de devoluciones:\n\nSi no está completamente satisfecho con su anillo de oro, aceptamos devoluciones dentro de los 30 días posteriores a la compra. El anillo debe estar en su estado original y sin usar. Para procesar una devolución, comuníquese con nuestro servicio al cliente para obtener más información sobre el proceso de devolución y el reembolso. Tenga en cuenta que los gastos de envío no son reembolsables. ver más detalles aquí.",
2458,"Anillo en oro amarillo con diamantes estilo en V ajuste escalopa - 4.0",1,,,2430000
2459,"Anillo en oro amarillo con diamantes estilo en V ajuste escalopa - 4.3",1,,,2430000
2460,"Anillo en oro amarillo con diamantes estilo en V ajuste escalopa - 4.5",1,,,2430000
2461,"Anillo en oro amarillo con diamantes estilo en V ajuste escalopa - 5.0",1,,,2430000
2462,"Anillo en oro amarillo con diamantes estilo en V ajuste escalopa - 5.3",1,,,2430000
2463,"Anillo en oro amarillo con diamantes estilo en V ajuste escalopa - 5.5",1,,,2430000
2464,"Anillo en oro amarillo con diamantes estilo en V ajuste escalopa - 6.0",1,,,2430000
2465,"Anillo en oro amarillo con diamantes estilo en V ajuste escalopa - 6.3",1,,,2430000
2466,"Anillo en oro amarillo con diamantes estilo en V ajuste escalopa - 6.5",1,,,2430000
2467,"Anillo en oro amarillo con diamantes estilo en V ajuste escalopa - 7.0",1,,,2430000
2468,"Anillo en oro amarillo con diamantes estilo en V ajuste escalopa - 7.3",1,,,2430000
2469,"Anillo en oro amarillo con diamantes estilo en V ajuste escalopa - 7.5",1,,,2430000
2470,"Anillo en oro amarillo con diamantes estilo en V ajuste escalopa - 8.0",1,,,2450000
2471,"Anillo en oro amarillo con diamantes estilo en V ajuste escalopa - 8.3",1,,,2450000
2472,"Anillo en oro amarillo con diamantes estilo en V ajuste escalopa - 8.5",0,,,2450000
2473,"Anillo en oro amarillo con diamantes estilo en V ajuste escalopa - 9.0",1,,,2450000
2474,"Anillo en oro amarillo con diamantes estilo en V ajuste escalopa - 9.3",1,,,2450000
2475,"Anillo en oro amarillo con diamantes estilo en V ajuste escalopa - 9.5",1,,,2450000
2476,"Anillo en oro amarillo con diamantes estilo en V ajuste escalopa - 10.0",1,,,2450000
2481,"Anillo de compromiso oro amarillo con diamantes estilo tradicional",1,"Anillo de compromiso oro amarillo con diamantes estilo tradicional (engaste de diamante principal tipo diente)\n\n0.32 quilates de diamantes en total\n\nHecho en Colombia, materiales alta calidad y garantía mantenimiento.","Anillo de compromiso oro amarillo con diamantes estilo tradicional (engaste de diamante principal tipo diente)\n\n0.32 quilates de diamantes en total\n\nHecho en Colombia con materiales de alta calidad y certificados.\n\nGarantía de por vida para mantenimiento y limpieza.\n\n&nbsp;\n\nPolítica de devoluciones:\n\nSi no está completamente satisfecho con su anillo de oro, aceptamos devoluciones dentro de los 30 días posteriores a la compra. El anillo debe estar en su estado original y sin usar. Para procesar una devolución, comuníquese con nuestro servicio al cliente para obtener más información sobre el proceso de devolución y el reembolso. Tenga en cuenta que los gastos de envío no son reembolsables. ver más detalles aquí.",
2482,"Anillo de compromiso oro amarillo con diamantes estilo tradicional - 4.0",1,,,3100000
2483,"Anillo de compromiso oro amarillo con diamantes estilo tradicional - 4.3",1,,,3100000
2484,"Anillo de compromiso oro amarillo con diamantes estilo tradicional - 4.5",1,,,3100000
2485,"Anillo de compromiso oro amarillo con diamantes estilo tradicional - 5.0",1,,,3100000
2486,"Anillo de compromiso oro amarillo con diamantes estilo tradicional - 5.3",1,,,3100000
2487,"Anillo de compromiso oro amarillo con diamantes estilo tradicional - 5.5",1,,,3100000
2488,"Anillo de compromiso oro amarillo con diamantes estilo tradicional - 6.0",1,,,3100000
2489,"Anillo de compromiso oro amarillo con diamantes estilo tradicional - 6.3",1,,,3100000
2490,"Anillo de compromiso oro amarillo con diamantes estilo tradicional - 6.5",1,,,3100000
2491,"Anillo de compromiso oro amarillo con diamantes estilo tradicional - 7.0",1,,,3100000
2492,"Anillo de compromiso oro amarillo con diamantes estilo tradicional - 7.3",1,,,3100000
2493,"Anillo de compromiso oro amarillo con diamantes estilo tradicional - 7.5",1,,,3100000
2494,"Anillo de compromiso oro amarillo con diamantes estilo tradicional - 8.0",1,,,3150000
2495,"Anillo de compromiso oro amarillo con diamantes estilo tradicional - 8.3",1,,,3150000
2496,"Anillo de compromiso oro amarillo con diamantes estilo tradicional - 8.5",0,,,3150000
2497,"Anillo de compromiso oro amarillo con diamantes estilo tradicional - 9.0",1,,,3150000
2498,"Anillo de compromiso oro amarillo con diamantes estilo tradicional - 9.3",1,,,3150000
2499,"Anillo de compromiso oro amarillo con diamantes estilo tradicional - 9.5",1,,,3150000
2500,"Anillo de compromiso oro amarillo con diamantes estilo tradicional - 10.0",1,,,3150000
2506,"Anillo de matrimonio oro amarillo con diamantes engaste Frances",1,"Anillo de compromiso oro amarillo con diamantes estilo tradicional (engaste de diamante principal tipo diente)\n\n0.32 quilates de diamantes en total\n\nHecho en Colombia, materiales alta calidad y garantía mantenimiento.","Anillo de compromiso oro amarillo con diamantes engaste Francés\n\n0.45 quilates de diamantes en total\n\nHecho en Colombia con materiales de alta calidad y certificados.\n\nGarantía de por vida para mantenimiento y limpieza.\n\n&nbsp;\n\nPolítica de devoluciones:\n\nSi no está completamente satisfecho con su anillo de oro, aceptamos devoluciones dentro de los 30 días posteriores a la compra. El anillo debe estar en su estado original y sin usar. Para procesar una devolución, comuníquese con nuestro servicio al cliente para obtener más información sobre el proceso de devolución y el reembolso. Tenga en cuenta que los gastos de envío no son reembolsables. ver más detalles aquí.",
2507,"Anillo de matrimonio oro amarillo con diamantes engaste Frances - 4.0",1,,,3730000
2508,"Anillo de matrimonio oro amarillo con diamantes engaste Frances - 4.3",1,,,3730000
2509,"Anillo de matrimonio oro amarillo con diamantes engaste Frances - 4.5",1,,,3730000
2510,"Anillo de matrimonio oro amarillo con diamantes engaste Frances - 5.0",1,,,3730000
2511,"Anillo de matrimonio oro amarillo con diamantes engaste Frances - 5.3",1,,,3730000
2512,"Anillo de matrimonio oro amarillo con diamantes engaste Frances - 5.5",1,,,3730000
2513,"Anillo de matrimonio oro amarillo con diamantes engaste Frances - 6.0",1,,,3730000
2514,"Anillo de matrimonio oro amarillo con diamantes engaste Frances - 6.3",1,,,3730000
2515,"Anillo de matrimonio oro amarillo con diamantes engaste Frances - 6.5",1,,,3730000
2516,"Anillo de matrimonio oro amarillo con diamantes engaste Frances - 7.0",1,,,3730000
2517,"Anillo de matrimonio oro amarillo con diamantes engaste Frances - 7.3",1,,,3730000
2518,"Anillo de matrimonio oro amarillo con diamantes engaste Frances - 7.5",1,,,3730000
2519,"Anillo de matrimonio oro amarillo con diamantes engaste Frances - 8.0",1,,,3750000
2520,"Anillo de matrimonio oro amarillo con diamantes engaste Frances - 8.3",1,,,3750000
2521,"Anillo de matrimonio oro amarillo con diamantes engaste Frances - 8.5",0,,,3750000
2522,"Anillo de matrimonio oro amarillo con diamantes engaste Frances - 9.0",1,,,3750000
2523,"Anillo de matrimonio oro amarillo con diamantes engaste Frances - 9.3",1,,,3750000
2524,"Anillo de matrimonio oro amarillo con diamantes engaste Frances - 9.5",1,,,3750000
2525,"Anillo de matrimonio oro amarillo con diamantes engaste Frances - 10.0",1,,,3750000
2530,"Anillo de matrimonio oro amarillo con diamantes y rubís estilo libre",1,"Anillo de compromiso oro amarillo con diamantes estilo libre con rubís\n\n0.60 quilates de rubís\n\n0.30 quilates de diamantes en total\n\nHecho en Colombia, materiales alta calidad y garantía mantenimiento.","Anillo de compromiso oro amarillo con diamantes y rubís estilo libre\n\n0.30 quiltaes de diamantes en total\n\n0.60 quilates de rubís\n\nHecho en Colombia con materiales de alta calidad y certificados.\n\nGarantía de por vida para mantenimiento y limpieza.\n\n&nbsp;\n\nPolítica de devoluciones:\n\nSi no está completamente satisfecho con su anillo de oro, aceptamos devoluciones dentro de los 30 días posteriores a la compra. El anillo debe estar en su estado original y sin usar. Para procesar una devolución, comuníquese con nuestro servicio al cliente para obtener más información sobre el proceso de devolución y el reembolso. Tenga en cuenta que los gastos de envío no son reembolsables. ver más detalles aquí.",
2531,"Anillo de matrimonio oro amarillo con diamantes y rubís estilo libre - 4.0",1,,,4400000
2532,"Anillo de matrimonio oro amarillo con diamantes y rubís estilo libre - 4.3",1,,,4400000
2533,"Anillo de matrimonio oro amarillo con diamantes y rubís estilo libre - 4.5",1,,,4400000
2534,"Anillo de matrimonio oro amarillo con diamantes y rubís estilo libre - 5.0",1,,,4400000
2535,"Anillo de matrimonio oro amarillo con diamantes y rubís estilo libre - 5.3",1,,,4400000
2536,"Anillo de matrimonio oro amarillo con diamantes y rubís estilo libre - 5.5",1,,,4400000
2537,"Anillo de matrimonio oro amarillo con diamantes y rubís estilo libre - 6.0",1,,,4400000
2538,"Anillo de matrimonio oro amarillo con diamantes y rubís estilo libre - 6.3",1,,,4400000
2539,"Anillo de matrimonio oro amarillo con diamantes y rubís estilo libre - 6.5",1,,,4400000
2540,"Anillo de matrimonio oro amarillo con diamantes y rubís estilo libre - 7.0",1,,,4400000
2541,"Anillo de matrimonio oro amarillo con diamantes y rubís estilo libre - 7.3",1,,,4400000
2542,"Anillo de matrimonio oro amarillo con diamantes y rubís estilo libre - 7.5",1,,,4400000
2543,"Anillo de matrimonio oro amarillo con diamantes y rubís estilo libre - 8.0",1,,,4500000
2544,"Anillo de matrimonio oro amarillo con diamantes y rubís estilo libre - 8.3",1,,,4500000
2545,"Anillo de matrimonio oro amarillo con diamantes y rubís estilo libre - 8.5",0,,,4500000
2546,"Anillo de matrimonio oro amarillo con diamantes y rubís estilo libre - 9.0",1,,,4500000
2547,"Anillo de matrimonio oro amarillo con diamantes y rubís estilo libre - 9.3",1,,,4500000
2548,"Anillo de matrimonio oro amarillo con diamantes y rubís estilo libre - 9.5",1,,,4500000
2549,"Anillo de matrimonio oro amarillo con diamantes y rubís estilo libre - 10.0",1,,,4500000
2559,"Anillo de matrimonio oro amarillo con diamantes ETERNIDAD",1,"Anillo de compromiso oro amarillo con diamantes estilo libre con rubís\n\n0.60 quilates de rubís\n\n0.30 quilates de diamantes en total\n\nHecho en Colombia, materiales alta calidad y garantía mantenimiento.","Anillo de compromiso oro amarillo con diamantes estilo eternidad\n\n1 ct de diamantes en total\n\nHecho en Colombia con materiales de alta calidad y certificados.\n\nGarantía de por vida para mantenimiento y limpieza.\n\n&nbsp;\n\nPolítica de devoluciones:\n\nSi no está completamente satisfecho con su anillo de oro, aceptamos devoluciones dentro de los 30 días posteriores a la compra. El anillo debe estar en su estado original y sin usar. Para procesar una devolución, comuníquese con nuestro servicio al cliente para obtener más información sobre el proceso de devolución y el reembolso. Tenga en cuenta que los gastos de envío no son reembolsables. ver más detalles aquí.",
2560,"Anillo de matrimonio oro amarillo con diamantes ETERNIDAD - 4.0",1,,,5500000
2561,"Anillo de matrimonio oro amarillo con diamantes ETERNIDAD - 4.3",1,,,5500000
2562,"Anillo de matrimonio oro amarillo con diamantes ETERNIDAD - 4.5",1,,,5500000
2563,"Anillo de matrimonio oro amarillo con diamantes ETERNIDAD - 5.0",1,,,5500000
2564,"Anillo de matrimonio oro amarillo con diamantes ETERNIDAD - 5.3",1,,,5500000
2565,"Anillo de matrimonio oro amarillo con diamantes ETERNIDAD - 5.5",1,,,5500000
2566,"Anillo de matrimonio oro amarillo con diamantes ETERNIDAD - 6.0",1,,,5500000
2567,"Anillo de matrimonio oro amarillo con diamantes ETERNIDAD - 6.3",1,,,5500000
2568,"Anillo de matrimonio oro amarillo con diamantes ETERNIDAD - 6.5",1,,,5500000
2569,"Anillo de matrimonio oro amarillo con diamantes ETERNIDAD - 7.0",1,,,5500000
2570,"Anillo de matrimonio oro amarillo con diamantes ETERNIDAD - 7.3",1,,,5500000
2571,"Anillo de matrimonio oro amarillo con diamantes ETERNIDAD - 7.5",1,,,5500000
2572,"Anillo de matrimonio oro amarillo con diamantes ETERNIDAD - 8.0",1,,,5500000
2573,"Anillo de matrimonio oro amarillo con diamantes ETERNIDAD - 8.3",1,,,5500000
2574,"Anillo de matrimonio oro amarillo con diamantes ETERNIDAD - 8.5",0,,,5500000
2575,"Anillo de matrimonio oro amarillo con diamantes ETERNIDAD - 9.0",1,,,5600000
2576,"Anillo de matrimonio oro amarillo con diamantes ETERNIDAD - 9.3",1,,,5600000
2577,"Anillo de matrimonio oro amarillo con diamantes ETERNIDAD - 9.5",1,,,5600000
2578,"Anillo de matrimonio oro amarillo con diamantes ETERNIDAD - 10.0",1,,,5600000
2579,"Anillo de matrimonio oro amarillo con diamantes estilo Bezel",1,"Anillo de compromiso oro amarillo con diamantes estilo Bezel\n\n0.18ct de diamante\n\nHecho en Colombia, materiales alta calidad y garantía mantenimiento.","Anillo de compromiso oro amarillo con diamantes estilo Bezel\n\n0.18 ct de diamantes en total\n\nHecho en Colombia con materiales de alta calidad y certificados.\n\nGarantía de por vida para mantenimiento y limpieza.\n\n&nbsp;\n\nPolítica de devoluciones:\n\nSi no está completamente satisfecho con su anillo de oro, aceptamos devoluciones dentro de los 30 días posteriores a la compra. El anillo debe estar en su estado original y sin usar. Para procesar una devolución, comuníquese con nuestro servicio al cliente para obtener más información sobre el proceso de devolución y el reembolso. Tenga en cuenta que los gastos de envío no son reembolsables. ver más detalles aquí.",
2580,"Anillo de matrimonio oro amarillo con diamantes estilo Bezel - 4.0",1,,,1750000
2581,"Anillo de matrimonio oro amarillo con diamantes estilo Bezel - 4.3",1,,,1750000
2582,"Anillo de matrimonio oro amarillo con diamantes estilo Bezel - 4.5",1,,,1750000
2583,"Anillo de matrimonio oro amarillo con diamantes estilo Bezel - 5.0",1,,,1750000
2584,"Anillo de matrimonio oro amarillo con diamantes estilo Bezel - 5.3",1,,,1750000
2585,"Anillo de matrimonio oro amarillo con diamantes estilo Bezel - 5.5",1,,,1750000
2586,"Anillo de matrimonio oro amarillo con diamantes estilo Bezel - 6.0",1,,,1750000
2587,"Anillo de matrimonio oro amarillo con diamantes estilo Bezel - 6.3",1,,,1750000
2588,"Anillo de matrimonio oro amarillo con diamantes estilo Bezel - 6.5",1,,,1750000
2589,"Anillo de matrimonio oro amarillo con diamantes estilo Bezel - 7.0",1,,,1750000
2590,"Anillo de matrimonio oro amarillo con diamantes estilo Bezel - 7.3",1,,,1750000
2591,"Anillo de matrimonio oro amarillo con diamantes estilo Bezel - 7.5",1,,,1750000
2592,"Anillo de matrimonio oro amarillo con diamantes estilo Bezel - 8.0",1,,,1750000
2593,"Anillo de matrimonio oro amarillo con diamantes estilo Bezel - 8.3",1,,,1750000
2594,"Anillo de matrimonio oro amarillo con diamantes estilo Bezel - 8.5",0,,,1750000
2595,"Anillo de matrimonio oro amarillo con diamantes estilo Bezel - 9.0",1,,,1800000
2596,"Anillo de matrimonio oro amarillo con diamantes estilo Bezel - 9.3",1,,,1800000
2597,"Anillo de matrimonio oro amarillo con diamantes estilo Bezel - 9.5",1,,,1800000
2598,"Anillo de matrimonio oro amarillo con diamantes estilo Bezel - 10.0",1,,,1800000
2602,"Anillo de matrimonio  oro amarillo con diamantes Forma libre",1,"Anillo de compromiso oro amarillo con diamantes Forma libre (Ajuste escalopado)\n\n0.25 ct de diamantes en total\n\nHecho en Colombia, materiales alta calidad y garantía mantenimiento.","Anillo de compromiso oro amarillo con diamantes Forma libre (Ajuste escalopado)\n\n0.25 ct de diamantes en total\n\nHecho en Colombia con materiales de alta calidad y certificados.\n\nGarantía de por vida para mantenimiento y limpieza.\n\n&nbsp;\n\nPolítica de devoluciones:\n\nSi no está completamente satisfecho con su anillo de oro, aceptamos devoluciones dentro de los 30 días posteriores a la compra. El anillo debe estar en su estado original y sin usar. Para procesar una devolución, comuníquese con nuestro servicio al cliente para obtener más información sobre el proceso de devolución y el reembolso. Tenga en cuenta que los gastos de envío no son reembolsables. ver más detalles aquí.",
2603,"Anillo de matrimonio  oro amarillo con diamantes Forma libre - 4.0",1,,,2400000
2604,"Anillo de matrimonio  oro amarillo con diamantes Forma libre - 4.3",1,,,2400000
2605,"Anillo de matrimonio  oro amarillo con diamantes Forma libre - 4.5",1,,,2400000
2606,"Anillo de matrimonio  oro amarillo con diamantes Forma libre - 5.0",1,,,2400000
2607,"Anillo de matrimonio  oro amarillo con diamantes Forma libre - 5.3",1,,,2400000
2608,"Anillo de matrimonio  oro amarillo con diamantes Forma libre - 5.5",1,,,2400000
2609,"Anillo de matrimonio  oro amarillo con diamantes Forma libre - 6.0",1,,,2400000
2610,"Anillo de matrimonio  oro amarillo con diamantes Forma libre - 6.3",1,,,2400000
2611,"Anillo de matrimonio  oro amarillo con diamantes Forma libre - 6.5",1,,,2400000
2612,"Anillo de matrimonio  oro amarillo con diamantes Forma libre - 7.0",1,,,2400000
2613,"Anillo de matrimonio  oro amarillo con diamantes Forma libre - 7.3",1,,,2400000
2614,"Anillo de matrimonio  oro amarillo con diamantes Forma libre - 7.5",1,,,2400000
2615,"Anillo de matrimonio  oro amarillo con diamantes Forma libre - 8.0",1,,,2400000
2616,"Anillo de matrimonio  oro amarillo con diamantes Forma libre - 8.3",1,,,2400000
2617,"Anillo de matrimonio  oro amarillo con diamantes Forma libre - 8.5",0,,,2400000
2618,"Anillo de matrimonio  oro amarillo con diamantes Forma libre - 9.0",1,,,2400000
2619,"Anillo de matrimonio  oro amarillo con diamantes Forma libre - 9.3",1,,,2400000
2620,"Anillo de matrimonio  oro amarillo con diamantes Forma libre - 9.5",1,,,2400000
2621,"Anillo de matrimonio  oro amarillo con diamantes Forma libre - 10.0",1,,,2400000
2625,"Anillo de oro amarillo con diamantes estilo Ovalo",'-1,"Anillo de oro amarillo con diamantes estilo Ovalo (engaste Francés)\n\n0.30 ct de diamantes en total\n\nHecho en Colombia, materiales alta calidad y garantía mantenimiento.","Anillo de oro amarillo con diamantes estilo Ovalo (engaste Francés)\n\n0.30 ct de diamantes en total\n\nHecho en Colombia con materiales de alta calidad y certificados.\n\nGarantía de por vida para mantenimiento y limpieza.\n\n&nbsp;\n\nPolítica de devoluciones:\n\nSi no está completamente satisfecho con su anillo de oro, aceptamos devoluciones dentro de los 30 días posteriores a la compra. El anillo debe estar en su estado original y sin usar. Para procesar una devolución, comuníquese con nuestro servicio al cliente para obtener más información sobre el proceso de devolución y el reembolso. Tenga en cuenta que los gastos de envío no son reembolsables. ver más detalles aquí.",
2626,"Anillo de oro amarillo con diamantes estilo Ovalo - 4.0",'-1,,,2650000
2627,"Anillo de oro amarillo con diamantes estilo Ovalo - 4.3",'-1,,,2650000
2628,"Anillo de oro amarillo con diamantes estilo Ovalo - 4.5",'-1,,,2650000
2629,"Anillo de oro amarillo con diamantes estilo Ovalo - 5.0",'-1,,,2650000
2630,"Anillo de oro amarillo con diamantes estilo Ovalo - 5.3",'-1,,,2650000
2631,"Anillo de oro amarillo con diamantes estilo Ovalo - 5.5",'-1,,,2650000
2632,"Anillo de oro amarillo con diamantes estilo Ovalo - 6.0",'-1,,,2650000
2633,"Anillo de oro amarillo con diamantes estilo Ovalo - 6.3",'-1,,,2650000
2634,"Anillo de oro amarillo con diamantes estilo Ovalo - 6.5",'-1,,,2650000
2635,"Anillo de oro amarillo con diamantes estilo Ovalo - 7.0",'-1,,,2650000
2636,"Anillo de oro amarillo con diamantes estilo Ovalo - 7.3",'-1,,,2650000
2637,"Anillo de oro amarillo con diamantes estilo Ovalo - 7.5",'-1,,,2650000
2638,"Anillo de oro amarillo con diamantes estilo Ovalo - 8.0",'-1,,,2650000
2639,"Anillo de oro amarillo con diamantes estilo Ovalo - 8.3",'-1,,,2650000
2640,"Anillo de oro amarillo con diamantes estilo Ovalo - 8.5",'-1,,,2650000
2641,"Anillo de oro amarillo con diamantes estilo Ovalo - 9.0",'-1,,,2750000
2642,"Anillo de oro amarillo con diamantes estilo Ovalo - 9.3",'-1,,,2750000
2643,"Anillo de oro amarillo con diamantes estilo Ovalo - 9.5",'-1,,,2750000
2644,"Anillo de oro amarillo con diamantes estilo Ovalo - 10.0",'-1,,,2750000
2645,"Anillo de compromiso oro amarillo con diamantes estilo minimalista",1,"Anillo de oro amarillo con diamantes estilo minimalista\n\n0.30 ct de diamantes en total\n\nHecho en Colombia, materiales alta calidad y garantía mantenimiento.","Anillo de oro amarillo con diamantes estilo minimalista\n\n0.30 ct de diamantes en total\n\nHecho en Colombia con materiales de alta calidad y certificados.\n\nGarantía de por vida para mantenimiento y limpieza.\n\n&nbsp;\n\nPolítica de devoluciones:\n\nSi no está completamente satisfecho con su anillo de oro, aceptamos devoluciones dentro de los 30 días posteriores a la compra. El anillo debe estar en su estado original y sin usar. Para procesar una devolución, comuníquese con nuestro servicio al cliente para obtener más información sobre el proceso de devolución y el reembolso. Tenga en cuenta que los gastos de envío no son reembolsables. ver más detalles aquí.",
2646,"Anillo de compromiso oro amarillo con diamantes estilo minimalista - 4.0",1,,,1900000
2647,"Anillo de compromiso oro amarillo con diamantes estilo minimalista - 4.3",1,,,1900000
2648,"Anillo de compromiso oro amarillo con diamantes estilo minimalista - 4.5",1,,,1900000
2649,"Anillo de compromiso oro amarillo con diamantes estilo minimalista - 5.0",1,,,1900000
2650,"Anillo de compromiso oro amarillo con diamantes estilo minimalista - 5.3",1,,,1900000
2651,"Anillo de compromiso oro amarillo con diamantes estilo minimalista - 5.5",1,,,1900000
2652,"Anillo de compromiso oro amarillo con diamantes estilo minimalista - 6.0",1,,,1900000
2653,"Anillo de compromiso oro amarillo con diamantes estilo minimalista - 6.3",1,,,1900000
2654,"Anillo de compromiso oro amarillo con diamantes estilo minimalista - 6.5",1,,,1900000
2655,"Anillo de compromiso oro amarillo con diamantes estilo minimalista - 7.0",1,,,1900000
2656,"Anillo de compromiso oro amarillo con diamantes estilo minimalista - 7.3",1,,,1900000
2657,"Anillo de compromiso oro amarillo con diamantes estilo minimalista - 7.5",1,,,1900000
2658,"Anillo de compromiso oro amarillo con diamantes estilo minimalista - 8.0",1,,,1900000
2659,"Anillo de compromiso oro amarillo con diamantes estilo minimalista - 8.3",1,,,1900000
2660,"Anillo de compromiso oro amarillo con diamantes estilo minimalista - 8.5",0,,,1900000
2661,"Anillo de compromiso oro amarillo con diamantes estilo minimalista - 9.0",1,,,1950000
2662,"Anillo de compromiso oro amarillo con diamantes estilo minimalista - 9.3",1,,,1950000
2663,"Anillo de compromiso oro amarillo con diamantes estilo minimalista - 9.5",1,,,1950000
2664,"Anillo de compromiso oro amarillo con diamantes estilo minimalista - 10.0",1,,,1950000
2668,"Anillo de compromiso oro amarillo con diamantes estilo minimalista (copia)",'-1,"Anillo de oro amarillo con diamantes estilo minimalista\n\n0.30 ct de diamantes en total\n\nHecho en Colombia, materiales alta calidad y garantía mantenimiento.","Anillo de oro amarillo con diamantes estilo minimalista\n\n0.30 ct de diamantes en total\n\nHecho en Colombia con materiales de alta calidad y certificados.\n\nGarantía de por vida para mantenimiento y limpieza.\n\n&nbsp;\n\nPolítica de devoluciones:\n\nSi no está completamente satisfecho con su anillo de oro, aceptamos devoluciones dentro de los 30 días posteriores a la compra. El anillo debe estar en su estado original y sin usar. Para procesar una devolución, comuníquese con nuestro servicio al cliente para obtener más información sobre el proceso de devolución y el reembolso. Tenga en cuenta que los gastos de envío no son reembolsables. ver más detalles aquí.",
2669,"Anillo de compromiso oro amarillo con diamantes estilo minimalista (copia) - 4.0",'-1,,,1900000
2670,"Anillo de compromiso oro amarillo con diamantes estilo minimalista (copia) - 4.3",'-1,,,1900000
2671,"Anillo de compromiso oro amarillo con diamantes estilo minimalista (copia) - 4.5",'-1,,,1900000
2672,"Anillo de compromiso oro amarillo con diamantes estilo minimalista (copia) - 5.0",'-1,,,1900000
2673,"Anillo de compromiso oro amarillo con diamantes estilo minimalista (copia) - 5.3",'-1,,,1900000
2674,"Anillo de compromiso oro amarillo con diamantes estilo minimalista (copia) - 5.5",'-1,,,1900000
2675,"Anillo de compromiso oro amarillo con diamantes estilo minimalista (copia) - 6.0",'-1,,,1900000
2676,"Anillo de compromiso oro amarillo con diamantes estilo minimalista (copia) - 6.3",'-1,,,1900000
2677,"Anillo de compromiso oro amarillo con diamantes estilo minimalista (copia) - 6.5",'-1,,,1900000
2678,"Anillo de compromiso oro amarillo con diamantes estilo minimalista (copia) - 7.0",'-1,,,1900000
2679,"Anillo de compromiso oro amarillo con diamantes estilo minimalista (copia) - 7.3",'-1,,,1900000
2680,"Anillo de compromiso oro amarillo con diamantes estilo minimalista (copia) - 7.5",'-1,,,1900000
2681,"Anillo de compromiso oro amarillo con diamantes estilo minimalista (copia) - 8.0",'-1,,,1900000
2682,"Anillo de compromiso oro amarillo con diamantes estilo minimalista (copia) - 8.3",'-1,,,1900000
2683,"Anillo de compromiso oro amarillo con diamantes estilo minimalista (copia) - 8.5",'-1,,,1900000
2684,"Anillo de compromiso oro amarillo con diamantes estilo minimalista (copia) - 9.0",'-1,,,1950000
2685,"Anillo de compromiso oro amarillo con diamantes estilo minimalista (copia) - 9.3",'-1,,,1950000
2686,"Anillo de compromiso oro amarillo con diamantes estilo minimalista (copia) - 9.5",'-1,,,1950000
2687,"Anillo de compromiso oro amarillo con diamantes estilo minimalista (copia) - 10.0",'-1,,,1950000
2810,"Anillo de compromiso oro blanco con diamantes estilo MINIMALISTA",1,"Anillo de oro amarillo con diamantes estilo Ovalo (engaste Francés)\n\n0.30 ct de diamantes en total\n\nHecho en Colombia, materiales alta calidad y garantía mantenimiento.","Anillo de compromiso oro blanco con diamantes estilo MINIMALISTA\n\n0.35 ct de diamantes en total\n\nColor de diamante entre rango H-I <a href=""https://ewajoyeria.com/index.php/2024/03/28/color-y-quilates-de-los-diamantes-utilizados-en-ewa-joyeria/"">¿Qué significa esto?</a>\n\nHecho en Colombia con materiales de alta calidad y certificados.\n\nGarantía de por vida para mantenimiento y limpieza.\n\n&nbsp;\n\nPolítica de devoluciones:\n\nSi no está completamente satisfecho con su anillo de oro, aceptamos devoluciones dentro de los 30 días posteriores a la compra. El anillo debe estar en su estado original y sin usar. Para procesar una devolución, comuníquese con nuestro servicio al cliente para obtener más información sobre el proceso de devolución y el reembolso. Tenga en cuenta que los gastos de envío no son reembolsables. ver más detalles aquí.",
2811,"Anillo de compromiso oro blanco con diamantes estilo MINIMALISTA - 4.0",1,,,4800000
2812,"Anillo de compromiso oro blanco con diamantes estilo MINIMALISTA - 4.3",1,,,4800000
2813,"Anillo de compromiso oro blanco con diamantes estilo MINIMALISTA - 4.5",1,,,4800000
2814,"Anillo de compromiso oro blanco con diamantes estilo MINIMALISTA - 5.0",1,,,4800000
2815,"Anillo de compromiso oro blanco con diamantes estilo MINIMALISTA - 5.3",1,,,4800000
2816,"Anillo de compromiso oro blanco con diamantes estilo MINIMALISTA - 5.5",1,,,4800000
2817,"Anillo de compromiso oro blanco con diamantes estilo MINIMALISTA - 6.0",1,,,4800000
2818,"Anillo de compromiso oro blanco con diamantes estilo MINIMALISTA - 6.3",1,,,4800000
2819,"Anillo de compromiso oro blanco con diamantes estilo MINIMALISTA - 6.5",1,,,4800000
2820,"Anillo de compromiso oro blanco con diamantes estilo MINIMALISTA - 7.0",1,,,4900000
2821,"Anillo de compromiso oro blanco con diamantes estilo MINIMALISTA - 7.3",1,,,4900000
2822,"Anillo de compromiso oro blanco con diamantes estilo MINIMALISTA - 7.5",1,,,4900000
2823,"Anillo de compromiso oro blanco con diamantes estilo MINIMALISTA - 8.0",1,,,4900000
2824,"Anillo de compromiso oro blanco con diamantes estilo MINIMALISTA - 8.3",1,,,4900000
2825,"Anillo de compromiso oro blanco con diamantes estilo MINIMALISTA - 8.5",0,,,4900000
2826,"Anillo de compromiso oro blanco con diamantes estilo MINIMALISTA - 9.0",1,,,4900000
2827,"Anillo de compromiso oro blanco con diamantes estilo MINIMALISTA - 9.3",1,,,4900000
2828,"Anillo de compromiso oro blanco con diamantes estilo MINIMALISTA - 9.5",1,,,4900000
2829,"Anillo de compromiso oro blanco con diamantes estilo MINIMALISTA - 10.0",1,,,4900000
2835,"Anillo de compromiso oro blanco con diamantes estilo CLÁSICO",1,"Anillo de oro amarillo con diamantes estilo Ovalo (engaste Francés)\n\n0.30 ct de diamantes en total\n\nHecho en Colombia, materiales alta calidad y garantía mantenimiento.","Anillo de compromiso oro blanco con diamantes estilo CLÁSICO\n\n0.35 ct de diamantes en total\n\nColor de diamante entre rango H-I <a href=""https://ewajoyeria.com/index.php/2024/03/28/color-y-quilates-de-los-diamantes-utilizados-en-ewa-joyeria/"">¿Qué significa esto?</a>\n\nHecho en Colombia con materiales de alta calidad y certificados.\n\nGarantía de por vida para mantenimiento y limpieza.\n\n&nbsp;\n\nPolítica de devoluciones:\n\nSi no está completamente satisfecho con su anillo de oro, aceptamos devoluciones dentro de los 30 días posteriores a la compra. El anillo debe estar en su estado original y sin usar. Para procesar una devolución, comuníquese con nuestro servicio al cliente para obtener más información sobre el proceso de devolución y el reembolso. Tenga en cuenta que los gastos de envío no son reembolsables. ver más detalles aquí.",
2836,"Anillo de compromiso oro blanco con diamantes estilo CLÁSICO - 4.0",1,,,4800000
2837,"Anillo de compromiso oro blanco con diamantes estilo CLÁSICO - 4.3",1,,,4800000
2838,"Anillo de compromiso oro blanco con diamantes estilo CLÁSICO - 4.5",1,,,4800000
2839,"Anillo de compromiso oro blanco con diamantes estilo CLÁSICO - 5.0",1,,,4800000
2840,"Anillo de compromiso oro blanco con diamantes estilo CLÁSICO - 5.3",1,,,4800000
2841,"Anillo de compromiso oro blanco con diamantes estilo CLÁSICO - 5.5",1,,,4800000
2842,"Anillo de compromiso oro blanco con diamantes estilo CLÁSICO - 6.0",1,,,4800000
2843,"Anillo de compromiso oro blanco con diamantes estilo CLÁSICO - 6.3",1,,,4800000
2844,"Anillo de compromiso oro blanco con diamantes estilo CLÁSICO - 6.5",1,,,4800000
2845,"Anillo de compromiso oro blanco con diamantes estilo CLÁSICO - 7.0",1,,,4800000
2846,"Anillo de compromiso oro blanco con diamantes estilo CLÁSICO - 7.3",1,,,4800000
2847,"Anillo de compromiso oro blanco con diamantes estilo CLÁSICO - 7.5",1,,,4950000
2848,"Anillo de compromiso oro blanco con diamantes estilo CLÁSICO - 8.0",1,,,4950000
2849,"Anillo de compromiso oro blanco con diamantes estilo CLÁSICO - 8.3",1,,,4950000
2850,"Anillo de compromiso oro blanco con diamantes estilo CLÁSICO - 8.5",0,,,4950000
2851,"Anillo de compromiso oro blanco con diamantes estilo CLÁSICO - 9.0",1,,,4950000
2852,"Anillo de compromiso oro blanco con diamantes estilo CLÁSICO - 9.3",1,,,4950000
2853,"Anillo de compromiso oro blanco con diamantes estilo CLÁSICO - 9.5",1,,,4950000
2854,"Anillo de compromiso oro blanco con diamantes estilo CLÁSICO - 10.0",1,,,4950000
2859,"Anillo de compromiso oro blanco con diamantes estilo TRADICIONAL",1,"Anillo de oro amarillo con diamantes estilo TRADICIONAL\n\n0.25 ct de diamantes en total\n\nHecho en Colombia, materiales alta calidad y garantía mantenimiento.","Anillo de compromiso oro blanco con diamantes estilo TRADICIONAL\n\n0.25 ct de diamantes en total\n\nColor de diamante entre rango H-I <a href=""https://ewajoyeria.com/index.php/2024/03/28/color-y-quilates-de-los-diamantes-utilizados-en-ewa-joyeria/"">¿Qué significa esto?</a>\n\nHecho en Colombia con materiales de alta calidad y certificados.\n\nGarantía de por vida para mantenimiento y limpieza.\n\n&nbsp;\n\nPolítica de devoluciones:\n\nSi no está completamente satisfecho con su anillo de oro, aceptamos devoluciones dentro de los 30 días posteriores a la compra. El anillo debe estar en su estado original y sin usar. Para procesar una devolución, comuníquese con nuestro servicio al cliente para obtener más información sobre el proceso de devolución y el reembolso. Tenga en cuenta que los gastos de envío no son reembolsables. ver más detalles aquí.",
2860,"Anillo de compromiso oro blanco con diamantes estilo TRADICIONAL - 4.0",1,,,3490000
2861,"Anillo de compromiso oro blanco con diamantes estilo TRADICIONAL - 4.3",1,,,3490000
2862,"Anillo de compromiso oro blanco con diamantes estilo TRADICIONAL - 4.5",1,,,3490000
2863,"Anillo de compromiso oro blanco con diamantes estilo TRADICIONAL - 5.0",1,,,3490000
2864,"Anillo de compromiso oro blanco con diamantes estilo TRADICIONAL - 5.3",1,,,3490000
2865,"Anillo de compromiso oro blanco con diamantes estilo TRADICIONAL - 5.5",1,,,3490000
2866,"Anillo de compromiso oro blanco con diamantes estilo TRADICIONAL - 6.0",1,,,3490000
2867,"Anillo de compromiso oro blanco con diamantes estilo TRADICIONAL - 6.3",1,,,3490000
2868,"Anillo de compromiso oro blanco con diamantes estilo TRADICIONAL - 6.5",1,,,3490000
2869,"Anillo de compromiso oro blanco con diamantes estilo TRADICIONAL - 7.0",1,,,3490000
2870,"Anillo de compromiso oro blanco con diamantes estilo TRADICIONAL - 7.3",1,,,3499000
2871,"Anillo de compromiso oro blanco con diamantes estilo TRADICIONAL - 7.5",1,,,3499000
2872,"Anillo de compromiso oro blanco con diamantes estilo TRADICIONAL - 8.0",1,,,3499000
2873,"Anillo de compromiso oro blanco con diamantes estilo TRADICIONAL - 8.3",1,,,3499000
2874,"Anillo de compromiso oro blanco con diamantes estilo TRADICIONAL - 8.5",0,,,3499000
2875,"Anillo de compromiso oro blanco con diamantes estilo TRADICIONAL - 9.0",1,,,3490000
2876,"Anillo de compromiso oro blanco con diamantes estilo TRADICIONAL - 9.3",1,,,3490000
2877,"Anillo de compromiso oro blanco con diamantes estilo TRADICIONAL - 9.5",1,,,3490000
2878,"Anillo de compromiso oro blanco con diamantes estilo TRADICIONAL - 10.0",1,,,3490000
2885,"Anillo de compromiso oro blanco con diamantes estilo TRADICIONAL CESTA",1,"Anillo de oro amarillo con diamantes estilo TRADICIONAL CESTA\n\n0.25 ct de diamantes en total\n\nHecho en Colombia, materiales alta calidad y garantía mantenimiento.","Anillo de compromiso oro blanco con diamantes estilo TRADICIONAL\n\n0.25 ct de diamantes en total\n\nColor de diamante entre rango H-I <a href=""https://ewajoyeria.com/index.php/2024/03/28/color-y-quilates-de-los-diamantes-utilizados-en-ewa-joyeria/"">¿Qué significa esto?</a>\n\nHecho en Colombia con materiales de alta calidad y certificados.\n\nGarantía de por vida para mantenimiento y limpieza.\n\n&nbsp;\n\nPolítica de devoluciones:\n\nSi no está completamente satisfecho con su anillo de oro, aceptamos devoluciones dentro de los 30 días posteriores a la compra. El anillo debe estar en su estado original y sin usar. Para procesar una devolución, comuníquese con nuestro servicio al cliente para obtener más información sobre el proceso de devolución y el reembolso. Tenga en cuenta que los gastos de envío no son reembolsables. ver más detalles aquí.",
2886,"Anillo de compromiso oro blanco con diamantes estilo TRADICIONAL CESTA - 4.0",1,,,3490000
2887,"Anillo de compromiso oro blanco con diamantes estilo TRADICIONAL CESTA - 4.3",1,,,3490000
2888,"Anillo de compromiso oro blanco con diamantes estilo TRADICIONAL CESTA - 4.5",1,,,3490000
2889,"Anillo de compromiso oro blanco con diamantes estilo TRADICIONAL CESTA - 5.0",1,,,3490000
2890,"Anillo de compromiso oro blanco con diamantes estilo TRADICIONAL CESTA - 5.3",1,,,3490000
2891,"Anillo de compromiso oro blanco con diamantes estilo TRADICIONAL CESTA - 5.5",1,,,3490000
2892,"Anillo de compromiso oro blanco con diamantes estilo TRADICIONAL CESTA - 6.0",1,,,3490000
2893,"Anillo de compromiso oro blanco con diamantes estilo TRADICIONAL CESTA - 6.3",1,,,3490000
2894,"Anillo de compromiso oro blanco con diamantes estilo TRADICIONAL CESTA - 6.5",1,,,3490000
2895,"Anillo de compromiso oro blanco con diamantes estilo TRADICIONAL CESTA - 7.0",1,,,3490000
2896,"Anillo de compromiso oro blanco con diamantes estilo TRADICIONAL CESTA - 7.3",1,,,3530000
2897,"Anillo de compromiso oro blanco con diamantes estilo TRADICIONAL CESTA - 7.5",1,,,3530000
2898,"Anillo de compromiso oro blanco con diamantes estilo TRADICIONAL CESTA - 8.0",1,,,3530000
2899,"Anillo de compromiso oro blanco con diamantes estilo TRADICIONAL CESTA - 8.3",1,,,3530000
2900,"Anillo de compromiso oro blanco con diamantes estilo TRADICIONAL CESTA - 8.5",0,,,3530000
2901,"Anillo de compromiso oro blanco con diamantes estilo TRADICIONAL CESTA - 9.0",1,,,3530000
2902,"Anillo de compromiso oro blanco con diamantes estilo TRADICIONAL CESTA - 9.3",1,,,3530000
2903,"Anillo de compromiso oro blanco con diamantes estilo TRADICIONAL CESTA - 9.5",1,,,3530000
2904,"Anillo de compromiso oro blanco con diamantes estilo TRADICIONAL CESTA - 10.0",1,,,3530000
2943,"Anillo de compromiso oro blanco con diamantes estilo CHANEL 2",1,"Anillo de oro amarillo con diamantes estilo CHANEL 2\n\n0.15 ct de diamantes en total\n\nHecho en Colombia, materiales alta calidad y garantía mantenimiento.","Anillo de compromiso oro blanco con diamantes estilo CHANEL 2\n\n0.15 ct de diamantes en total\n\nColor de diamante entre rango H-I <a href=""https://ewajoyeria.com/index.php/2024/03/28/color-y-quilates-de-los-diamantes-utilizados-en-ewa-joyeria/"">¿Qué significa esto?</a>\n\nHecho en Colombia con materiales de alta calidad y certificados.\n\nGarantía de por vida para mantenimiento y limpieza.\n\n&nbsp;\n\nPolítica de devoluciones:\n\nSi no está completamente satisfecho con su anillo de oro, aceptamos devoluciones dentro de los 30 días posteriores a la compra. El anillo debe estar en su estado original y sin usar. Para procesar una devolución, comuníquese con nuestro servicio al cliente para obtener más información sobre el proceso de devolución y el reembolso. Tenga en cuenta que los gastos de envío no son reembolsables. ver más detalles aquí.",
2944,"Anillo de compromiso oro blanco con diamantes estilo CHANEL 2 - 4.0",1,,,3950000
2945,"Anillo de compromiso oro blanco con diamantes estilo CHANEL 2 - 4.3",1,,,3950000
2946,"Anillo de compromiso oro blanco con diamantes estilo CHANEL 2 - 4.5",1,,,3950000
2947,"Anillo de compromiso oro blanco con diamantes estilo CHANEL 2 - 5.0",1,,,3950000
2948,"Anillo de compromiso oro blanco con diamantes estilo CHANEL 2 - 5.3",1,,,3950000
2949,"Anillo de compromiso oro blanco con diamantes estilo CHANEL 2 - 5.5",1,,,3950000
2950,"Anillo de compromiso oro blanco con diamantes estilo CHANEL 2 - 6.0",1,,,3950000
2951,"Anillo de compromiso oro blanco con diamantes estilo CHANEL 2 - 6.3",1,,,3950000
2952,"Anillo de compromiso oro blanco con diamantes estilo CHANEL 2 - 6.5",1,,,3950000
2953,"Anillo de compromiso oro blanco con diamantes estilo CHANEL 2 - 7.0",1,,,3990000
2954,"Anillo de compromiso oro blanco con diamantes estilo CHANEL 2 - 7.3",1,,,3990000
2955,"Anillo de compromiso oro blanco con diamantes estilo CHANEL 2 - 7.5",1,,,3990000
2956,"Anillo de compromiso oro blanco con diamantes estilo CHANEL 2 - 8.0",1,,,3990000
2957,"Anillo de compromiso oro blanco con diamantes estilo CHANEL 2 - 8.3",1,,,3990000
2958,"Anillo de compromiso oro blanco con diamantes estilo CHANEL 2 - 8.5",0,,,3990000
2959,"Anillo de compromiso oro blanco con diamantes estilo CHANEL 2 - 9.0",1,,,3990000
2960,"Anillo de compromiso oro blanco con diamantes estilo CHANEL 2 - 9.3",1,,,3990000
2961,"Anillo de compromiso oro blanco con diamantes estilo CHANEL 2 - 9.5",1,,,3990000
2962,"Anillo de compromiso oro blanco con diamantes estilo CHANEL 2 - 10.0",1,,,3990000
2966,"Anillo de compromiso oro blanco con diamantes estilo CHANEL CATEDRAL",1,"Anillo de oro amarillo con diamantes estilo CHANEL CATEDRAL\n\n12 piedras de adorno\n.24 ct diamantes\n\n1 piedra central\n.35 ct de diamante\n\nHecho en Colombia, materiales alta calidad y garantía mantenimiento.","Anillo de compromiso oro blanco con diamantes estilo CHANEL CATEDRAL\n\n12 piedras de adorno\n.24 ct diamantes\n\n1 piedra central\n.35 ct de diamante\n\nColor de diamante entre rango H-I <a href=""https://ewajoyeria.com/index.php/diamantes-certificados/"">¿Qué significa esto?</a>\n\nHecho en Colombia con materiales de alta calidad y certificados.\n\nGarantía de por vida para mantenimiento y limpieza.\n\n&nbsp;\n\nPolítica de devoluciones:\n\nSi no está completamente satisfecho con su anillo de oro, aceptamos devoluciones dentro de los 30 días posteriores a la compra. El anillo debe estar en su estado original y sin usar. Para procesar una devolución, comuníquese con nuestro servicio al cliente para obtener más información sobre el proceso de devolución y el reembolso. Tenga en cuenta que los gastos de envío no son reembolsables. ver más detalles aquí.",
2967,"Anillo de compromiso oro blanco con diamantes estilo CHANEL CATEDRAL - 4.0",1,,,4950000
2968,"Anillo de compromiso oro blanco con diamantes estilo CHANEL CATEDRAL - 4.3",1,,,4950000
2969,"Anillo de compromiso oro blanco con diamantes estilo CHANEL CATEDRAL - 4.5",1,,,4950000
2970,"Anillo de compromiso oro blanco con diamantes estilo CHANEL CATEDRAL - 5.0",1,,,4950000
2971,"Anillo de compromiso oro blanco con diamantes estilo CHANEL CATEDRAL - 5.3",1,,,4950000
2972,"Anillo de compromiso oro blanco con diamantes estilo CHANEL CATEDRAL - 5.5",1,,,4950000
2973,"Anillo de compromiso oro blanco con diamantes estilo CHANEL CATEDRAL - 6.0",1,,,4950000
2974,"Anillo de compromiso oro blanco con diamantes estilo CHANEL CATEDRAL - 6.3",1,,,4950000
2975,"Anillo de compromiso oro blanco con diamantes estilo CHANEL CATEDRAL - 6.5",1,,,4950000
2976,"Anillo de compromiso oro blanco con diamantes estilo CHANEL CATEDRAL - 7.0",1,,,4950000
2977,"Anillo de compromiso oro blanco con diamantes estilo CHANEL CATEDRAL - 7.3",1,,,4990000
2978,"Anillo de compromiso oro blanco con diamantes estilo CHANEL CATEDRAL - 7.5",1,,,4990000
2979,"Anillo de compromiso oro blanco con diamantes estilo CHANEL CATEDRAL - 8.0",1,,,4990000
2980,"Anillo de compromiso oro blanco con diamantes estilo CHANEL CATEDRAL - 8.3",1,,,4990000
2981,"Anillo de compromiso oro blanco con diamantes estilo CHANEL CATEDRAL - 8.5",0,,,4990000
2982,"Anillo de compromiso oro blanco con diamantes estilo CHANEL CATEDRAL - 9.0",1,,,4990000
2983,"Anillo de compromiso oro blanco con diamantes estilo CHANEL CATEDRAL - 9.3",1,,,4990000
2984,"Anillo de compromiso oro blanco con diamantes estilo CHANEL CATEDRAL - 9.5",1,,,4990000
2985,"Anillo de compromiso oro blanco con diamantes estilo CHANEL CATEDRAL - 10.0",1,,,4990000
2990,"Anillo de compromiso oro blanco con diamantes estilo MARQUISE",1,"Anillo de oro amarillo con diamantes estilo MARQUIE\n\n0.20 ct de diamantes en total\n\nHecho en Colombia, materiales alta calidad y garantía mantenimiento.","Anillo de compromiso oro blanco con diamantes estilo MARQUISE\n\n0.20 ct - 0.25 ct de diamante\n\nRango de color Diamante H-I <a href=""https://ewajoyeria.com/index.php/2024/03/28/color-y-quilates-de-los-diamantes-utilizados-en-ewa-joyeria/"">¿Qué significa esto?</a>\n\nHecho en Colombia con materiales de alta calidad y certificados.\n\nGarantía de por vida para mantenimiento y limpieza.\n\n&nbsp;\n\nPolítica de devoluciones:\n\nSi no está completamente satisfecho con su anillo de oro, aceptamos devoluciones dentro de los 30 días posteriores a la compra. El anillo debe estar en su estado original y sin usar. Para procesar una devolución, comuníquese con nuestro servicio al cliente para obtener más información sobre el proceso de devolución y el reembolso. Tenga en cuenta que los gastos de envío no son reembolsables. ver más detalles aquí.",
3017,"Anillo de compromiso oro blanco con diamantes estilo MARQUISE",1,,,2750000
3018,"Anillo de compromiso oro blanco con diamantes estilo MARQUISE",1,,,3250000
3019,"Anillo de compromiso oro blanco con diamantes estilo MARQUISE",1,,,2750000
3020,"Anillo de compromiso oro blanco con diamantes estilo MARQUISE",1,,,3250000
3021,"Anillo de compromiso oro blanco con diamantes estilo MARQUISE",1,,,2750000
3022,"Anillo de compromiso oro blanco con diamantes estilo MARQUISE",1,,,3250000
3023,"Anillo de compromiso oro blanco con diamantes estilo MARQUISE",1,,,2750000
3024,"Anillo de compromiso oro blanco con diamantes estilo MARQUISE",1,,,3250000
3025,"Anillo de compromiso oro blanco con diamantes estilo MARQUISE",1,,,2750000
3026,"Anillo de compromiso oro blanco con diamantes estilo MARQUISE",1,,,3250000
3027,"Anillo de compromiso oro blanco con diamantes estilo MARQUISE",1,,,2750000
3028,"Anillo de compromiso oro blanco con diamantes estilo MARQUISE",1,,,3250000
3029,"Anillo de compromiso oro blanco con diamantes estilo MARQUISE",1,,,2750000
3030,"Anillo de compromiso oro blanco con diamantes estilo MARQUISE",1,,,3250000
3031,"Anillo de compromiso oro blanco con diamantes estilo MARQUISE",1,,,2750000
3032,"Anillo de compromiso oro blanco con diamantes estilo MARQUISE",1,,,3250000
3033,"Anillo de compromiso oro blanco con diamantes estilo MARQUISE",1,,,2750000
3034,"Anillo de compromiso oro blanco con diamantes estilo MARQUISE",1,,,3250000
3035,"Anillo de compromiso oro blanco con diamantes estilo MARQUISE",1,,,2850000
3036,"Anillo de compromiso oro blanco con diamantes estilo MARQUISE",1,,,3350000
3037,"Anillo de compromiso oro blanco con diamantes estilo MARQUISE",1,,,2850000
3038,"Anillo de compromiso oro blanco con diamantes estilo MARQUISE",1,,,3350000
3039,"Anillo de compromiso oro blanco con diamantes estilo MARQUISE",1,,,2850000
3040,"Anillo de compromiso oro blanco con diamantes estilo MARQUISE",1,,,3350000
3041,"Anillo de compromiso oro blanco con diamantes estilo MARQUISE",1,,,2850000
3042,"Anillo de compromiso oro blanco con diamantes estilo MARQUISE",1,,,3350000
3043,"Anillo de compromiso oro blanco con diamantes estilo MARQUISE",1,,,2850000
3044,"Anillo de compromiso oro blanco con diamantes estilo MARQUISE",1,,,3350000
3045,"Anillo de compromiso oro blanco con diamantes estilo MARQUISE",1,,,2850000
3046,"Anillo de compromiso oro blanco con diamantes estilo MARQUISE",1,,,3350000
3047,"Anillo de compromiso oro blanco con diamantes estilo MARQUISE",1,,,2850000
3048,"Anillo de compromiso oro blanco con diamantes estilo MARQUISE",1,,,3350000
3049,"Anillo de compromiso oro blanco con diamantes estilo MARQUISE",1,,,2850000
3050,"Anillo de compromiso oro blanco con diamantes estilo MARQUISE",1,,,3350000
3051,"Anillo de compromiso oro blanco con diamantes estilo MARQUISE",1,,,2850000
3052,"Anillo de compromiso oro blanco con diamantes estilo MARQUISE",1,,,3350000
3053,"Anillo de compromiso oro blanco con diamantes estilo MARQUISE",1,,,2850000
3054,"Anillo de compromiso oro blanco con diamantes estilo MARQUISE",1,,,3350000
3055,"Anillo de compromiso oro blanco con diamantes estilo BIFURCACION 2",1,"Anillo de oro amarillo con diamantes estilo BIFURCACION 2\n\n12 piedras de adorno\n.24 ct diamantes\n\n1 piedra central\n.20 ct de diamante\n\nHecho en Colombia, materiales alta calidad y garantía mantenimiento.","Anillo de compromiso oro blanco con diamantes estilo BIFURCACION 2\n\n12 piedras de adorno\n.24 ct diamantes\n\n1 piedra central\n.20 ct de diamante\n\nRango de color diamante H-I <a href=""https://ewajoyeria.com/index.php/2024/03/28/color-y-quilates-de-los-diamantes-utilizados-en-ewa-joyeria/"">¿Qué significa esto?</a>\n\nHecho en Colombia con materiales de alta calidad y certificados.\n\nGarantía de por vida para mantenimiento y limpieza.\n\n&nbsp;\n\nPolítica de devoluciones:\n\nSi no está completamente satisfecho con su anillo de oro, aceptamos devoluciones dentro de los 30 días posteriores a la compra. El anillo debe estar en su estado original y sin usar. Para procesar una devolución, comuníquese con nuestro servicio al cliente para obtener más información sobre el proceso de devolución y el reembolso. Tenga en cuenta que los gastos de envío no son reembolsables. ver más detalles aquí.",
3056,"Anillo de compromiso oro blanco con diamantes estilo BIFURCACION 2 - 4.0",1,,,3850000
3057,"Anillo de compromiso oro blanco con diamantes estilo BIFURCACION 2 - 4.3",1,,,3850000
3058,"Anillo de compromiso oro blanco con diamantes estilo BIFURCACION 2 - 4.5",1,,,3850000
3059,"Anillo de compromiso oro blanco con diamantes estilo BIFURCACION 2 - 5.0",1,,,3850000
3060,"Anillo de compromiso oro blanco con diamantes estilo BIFURCACION 2 - 5.3",1,,,3850000
3061,"Anillo de compromiso oro blanco con diamantes estilo BIFURCACION 2 - 5.5",1,,,3850000
3062,"Anillo de compromiso oro blanco con diamantes estilo BIFURCACION 2 - 6.0",1,,,3850000
3063,"Anillo de compromiso oro blanco con diamantes estilo BIFURCACION 2 - 6.3",1,,,3850000
3064,"Anillo de compromiso oro blanco con diamantes estilo BIFURCACION 2 - 6.5",1,,,3850000
3065,"Anillo de compromiso oro blanco con diamantes estilo BIFURCACION 2 - 7.0",1,,,3950000
3066,"Anillo de compromiso oro blanco con diamantes estilo BIFURCACION 2 - 7.3",1,,,3950000
3067,"Anillo de compromiso oro blanco con diamantes estilo BIFURCACION 2 - 7.5",1,,,3950000
3068,"Anillo de compromiso oro blanco con diamantes estilo BIFURCACION 2 - 8.0",1,,,3950000
3069,"Anillo de compromiso oro blanco con diamantes estilo BIFURCACION 2 - 8.3",1,,,3950000
3070,"Anillo de compromiso oro blanco con diamantes estilo BIFURCACION 2 - 8.5",0,,,3950000
3071,"Anillo de compromiso oro blanco con diamantes estilo BIFURCACION 2 - 9.0",1,,,3950000
3072,"Anillo de compromiso oro blanco con diamantes estilo BIFURCACION 2 - 9.3",1,,,3950000
3073,"Anillo de compromiso oro blanco con diamantes estilo BIFURCACION 2 - 9.5",1,,,3950000
3074,"Anillo de compromiso oro blanco con diamantes estilo BIFURCACION 2 - 10.0",1,,,3950000
3244,"Anillo de compromiso oro blanco con diamantes estilo TRELLIS",1,"Anillo de oro amarillo con diamantes estilo TRELLIS\n\n.25 ct de diamate\nPIEDRA CENTRAL\n\n4 diamantes laterales\n.04 ct de diamante\n\nHecho en Colombia, materiales alta calidad y garantía mantenimiento.","Anillo de compromiso oro blanco con diamantes estilo TRELLIS\n\n.25 ct de diamate\nPIEDRA CENTRAL4 diamantes laterales\n.04 ct de diamante\n\nRango de color diamante H-I <a href=""https://ewajoyeria.com/index.php/2024/03/28/color-y-quilates-de-los-diamantes-utilizados-en-ewa-joyeria/"">¿Qué significa esto?</a>\n\nHecho en Colombia con materiales de alta calidad y certificados.\n\nGarantía de por vida para mantenimiento y limpieza.\n\n&nbsp;\n\nPolítica de devoluciones:\n\nSi no está completamente satisfecho con su anillo de oro, aceptamos devoluciones dentro de los 30 días posteriores a la compra. El anillo debe estar en su estado original y sin usar. Para procesar una devolución, comuníquese con nuestro servicio al cliente para obtener más información sobre el proceso de devolución y el reembolso. Tenga en cuenta que los gastos de envío no son reembolsables. ver más detalles aquí.",
3245,"Anillo de compromiso oro blanco con diamantes estilo TRELLIS - 4.0",1,,,3250000
3246,"Anillo de compromiso oro blanco con diamantes estilo TRELLIS - 4.3",1,,,3250000
3247,"Anillo de compromiso oro blanco con diamantes estilo TRELLIS - 4.5",1,,,3250000
3248,"Anillo de compromiso oro blanco con diamantes estilo TRELLIS - 5.0",1,,,3250000
3249,"Anillo de compromiso oro blanco con diamantes estilo TRELLIS - 5.3",1,,,3250000
3250,"Anillo de compromiso oro blanco con diamantes estilo TRELLIS - 5.5",1,,,3250000
3251,"Anillo de compromiso oro blanco con diamantes estilo TRELLIS - 6.0",1,,,3250000
3252,"Anillo de compromiso oro blanco con diamantes estilo TRELLIS - 6.3",1,,,3850000
3253,"Anillo de compromiso oro blanco con diamantes estilo TRELLIS - 6.5",1,,,3250000
3254,"Anillo de compromiso oro blanco con diamantes estilo TRELLIS - 7.0",1,,,3250000
3255,"Anillo de compromiso oro blanco con diamantes estilo TRELLIS - 7.3",1,,,3250000
3256,"Anillo de compromiso oro blanco con diamantes estilo TRELLIS - 7.5",1,,,3350000
3257,"Anillo de compromiso oro blanco con diamantes estilo TRELLIS - 8.0",1,,,3350000
3258,"Anillo de compromiso oro blanco con diamantes estilo TRELLIS - 8.3",1,,,3350000
3259,"Anillo de compromiso oro blanco con diamantes estilo TRELLIS - 8.5",0,,,3350000
3260,"Anillo de compromiso oro blanco con diamantes estilo TRELLIS - 9.0",1,,,3350000
3261,"Anillo de compromiso oro blanco con diamantes estilo TRELLIS - 9.3",1,,,3350000
3262,"Anillo de compromiso oro blanco con diamantes estilo TRELLIS - 9.5",1,,,3350000
3263,"Anillo de compromiso oro blanco con diamantes estilo TRELLIS - 10.0",1,,,3350000
3268,"Anillo de compromiso oro blanco con diamantes estilo TRADICIONAL 6",1,"Anillo de oro amarillo con diamantes estilo\n\nTRADICIONAL 6\n\n.30 ct de diamante\n\nHecho en Colombia, materiales alta calidad y garantía mantenimiento.","Anillo de compromiso oro blanco con diamantes estilo TRADICIONAL 6\n\n.30 ct de diamante\n\nRango de color diamante H-I <a href=""https://ewajoyeria.com/index.php/2024/03/28/color-y-quilates-de-los-diamantes-utilizados-en-ewa-joyeria/"">¿Qué significa esto?</a>\n\nHecho en Colombia con materiales de alta calidad y certificados.\n\nGarantía de por vida para mantenimiento y limpieza.\n\n&nbsp;\n\nPolítica de devoluciones:\n\nSi no está completamente satisfecho con su anillo de oro, aceptamos devoluciones dentro de los 30 días posteriores a la compra. El anillo debe estar en su estado original y sin usar. Para procesar una devolución, comuníquese con nuestro servicio al cliente para obtener más información sobre el proceso de devolución y el reembolso. Tenga en cuenta que los gastos de envío no son reembolsables. ver más detalles aquí.",
3269,"Anillo de compromiso oro blanco con diamantes estilo TRADICIONAL 6 - 4.0",1,,,4650000
3270,"Anillo de compromiso oro blanco con diamantes estilo TRADICIONAL 6 - 4.3",1,,,4650000
3271,"Anillo de compromiso oro blanco con diamantes estilo TRADICIONAL 6 - 4.5",1,,,4650000
3272,"Anillo de compromiso oro blanco con diamantes estilo TRADICIONAL 6 - 5.0",1,,,4650000
3273,"Anillo de compromiso oro blanco con diamantes estilo TRADICIONAL 6 - 5.3",1,,,4650000
3274,"Anillo de compromiso oro blanco con diamantes estilo TRADICIONAL 6 - 5.5",1,,,4650000
3275,"Anillo de compromiso oro blanco con diamantes estilo TRADICIONAL 6 - 6.0",1,,,4650000
3276,"Anillo de compromiso oro blanco con diamantes estilo TRADICIONAL 6 - 6.3",1,,,4650000
3277,"Anillo de compromiso oro blanco con diamantes estilo TRADICIONAL 6 - 6.5",1,,,4650000
3278,"Anillo de compromiso oro blanco con diamantes estilo TRADICIONAL 6 - 7.0",1,,,4650000
3279,"Anillo de compromiso oro blanco con diamantes estilo TRADICIONAL 6 - 7.3",1,,,4750000
3280,"Anillo de compromiso oro blanco con diamantes estilo TRADICIONAL 6 - 7.5",1,,,4750000
3281,"Anillo de compromiso oro blanco con diamantes estilo TRADICIONAL 6 - 8.0",1,,,4750000
3282,"Anillo de compromiso oro blanco con diamantes estilo TRADICIONAL 6 - 8.3",1,,,4750000
3283,"Anillo de compromiso oro blanco con diamantes estilo TRADICIONAL 6 - 8.5",0,,,4750000
3284,"Anillo de compromiso oro blanco con diamantes estilo TRADICIONAL 6 - 9.0",1,,,4750000
3285,"Anillo de compromiso oro blanco con diamantes estilo TRADICIONAL 6 - 9.3",1,,,4750000
3286,"Anillo de compromiso oro blanco con diamantes estilo TRADICIONAL 6 - 9.5",1,,,4750000
3287,"Anillo de compromiso oro blanco con diamantes estilo TRADICIONAL 6 - 10.0",1,,,4750000
3294,"Anillo de compromiso oro blanco con diamantes estilo BRIDAL 4",1,"Anillo de oro amarillo con diamantes estilo\n\nBRIDAL 4\n\n.25 ct de diamante piedra central\n\n14 piedras laterales\n0.21 ct de diamantes de adorno\n\nHecho en Colombia, materiales alta calidad y garantía mantenimiento.","Anillo de compromiso oro blanco con diamantes estilo BRIDAL 4\n\n.25 ct de diamante piedra central\n\n14 piedras laterales\n0.21 ct de diamantes de adorno\n\nRango de color diamante H-I <a href=""https://ewajoyeria.com/index.php/2024/03/28/color-y-quilates-de-los-diamantes-utilizados-en-ewa-joyeria/"">¿Qué significa esto?</a>\n\nHecho en Colombia con materiales de alta calidad y certificados.\n\nGarantía de por vida para mantenimiento y limpieza.\n\n&nbsp;\n\nPolítica de devoluciones:\n\nSi no está completamente satisfecho con su anillo de oro, aceptamos devoluciones dentro de los 30 días posteriores a la compra. El anillo debe estar en su estado original y sin usar. Para procesar una devolución, comuníquese con nuestro servicio al cliente para obtener más información sobre el proceso de devolución y el reembolso. Tenga en cuenta que los gastos de envío no son reembolsables. ver más detalles aquí.",
3295,"Anillo de compromiso oro blanco con diamantes estilo BRIDAL 4 - 4.0",1,,,4350000
3296,"Anillo de compromiso oro blanco con diamantes estilo BRIDAL 4 - 4.3",1,,,4350000
3297,"Anillo de compromiso oro blanco con diamantes estilo BRIDAL 4 - 4.5",1,,,4350000
3298,"Anillo de compromiso oro blanco con diamantes estilo BRIDAL 4 - 5.0",1,,,4350000
3299,"Anillo de compromiso oro blanco con diamantes estilo BRIDAL 4 - 5.3",1,,,4350000
3300,"Anillo de compromiso oro blanco con diamantes estilo BRIDAL 4 - 5.5",1,,,4350000
3301,"Anillo de compromiso oro blanco con diamantes estilo BRIDAL 4 - 6.0",1,,,4350000
3302,"Anillo de compromiso oro blanco con diamantes estilo BRIDAL 4 - 6.3",1,,,4350000
3303,"Anillo de compromiso oro blanco con diamantes estilo BRIDAL 4 - 6.5",1,,,4350000
3304,"Anillo de compromiso oro blanco con diamantes estilo BRIDAL 4 - 7.0",1,,,4350000
3305,"Anillo de compromiso oro blanco con diamantes estilo BRIDAL 4 - 7.3",1,,,4450000
3306,"Anillo de compromiso oro blanco con diamantes estilo BRIDAL 4 - 7.5",1,,,4450000
3307,"Anillo de compromiso oro blanco con diamantes estilo BRIDAL 4 - 8.0",1,,,4450000
3308,"Anillo de compromiso oro blanco con diamantes estilo BRIDAL 4 - 8.3",1,,,4450000
3309,"Anillo de compromiso oro blanco con diamantes estilo BRIDAL 4 - 8.5",0,,,4450000
3310,"Anillo de compromiso oro blanco con diamantes estilo BRIDAL 4 - 9.0",1,,,4500000
3311,"Anillo de compromiso oro blanco con diamantes estilo BRIDAL 4 - 9.3",1,,,4500000
3312,"Anillo de compromiso oro blanco con diamantes estilo BRIDAL 4 - 9.5",1,,,4500000
3313,"Anillo de compromiso oro blanco con diamantes estilo BRIDAL 4 - 10.0",1,,,4500000
3320,"Anillo de compromiso oro blanco con diamantes estilo TRIO",1,"Anillo de oro amarillo con diamantes estilo TRIO\n\n.20 ct de diamante piedra central\n\n2 diamantes laterales tipo marquese\n.14 ct de diamantes\n\nHecho en Colombia, materiales alta calidad y garantía mantenimiento.","Anillo de compromiso oro blanco con diamantes estilo TRIO\n\n.20 ct de diamante piedra central\n\n2 diamantes laterales tipo marquese\n.14 ct de diamantes\n\nRango de color diamante H-I <a href=""https://ewajoyeria.com/index.php/2024/03/28/color-y-quilates-de-los-diamantes-utilizados-en-ewa-joyeria/"">¿Qué significa esto?</a>\n\nHecho en Colombia con materiales de alta calidad y certificados.\n\nGarantía de por vida para mantenimiento y limpieza.\n\n&nbsp;\n\nPolítica de devoluciones:\n\nSi no está completamente satisfecho con su anillo de oro, aceptamos devoluciones dentro de los 30 días posteriores a la compra. El anillo debe estar en su estado original y sin usar. Para procesar una devolución, comuníquese con nuestro servicio al cliente para obtener más información sobre el proceso de devolución y el reembolso. Tenga en cuenta que los gastos de envío no son reembolsables. ver más detalles aquí.",
3321,"Anillo de compromiso oro blanco con diamantes estilo TRIO - 4.0",1,,,3650000
3322,"Anillo de compromiso oro blanco con diamantes estilo TRIO - 4.3",1,,,3650000
3323,"Anillo de compromiso oro blanco con diamantes estilo TRIO - 4.5",1,,,3650000
3324,"Anillo de compromiso oro blanco con diamantes estilo TRIO - 5.0",1,,,3650000
3325,"Anillo de compromiso oro blanco con diamantes estilo TRIO - 5.3",1,,,3650000
3326,"Anillo de compromiso oro blanco con diamantes estilo TRIO - 5.5",1,,,3650000
3327,"Anillo de compromiso oro blanco con diamantes estilo TRIO - 6.0",1,,,3650000
3328,"Anillo de compromiso oro blanco con diamantes estilo TRIO - 6.3",1,,,3650000
3329,"Anillo de compromiso oro blanco con diamantes estilo TRIO - 6.5",1,,,3650000
3330,"Anillo de compromiso oro blanco con diamantes estilo TRIO - 7.0",1,,,3650000
3331,"Anillo de compromiso oro blanco con diamantes estilo TRIO - 7.3",1,,,3790000
3332,"Anillo de compromiso oro blanco con diamantes estilo TRIO - 7.5",1,,,3790000
3333,"Anillo de compromiso oro blanco con diamantes estilo TRIO - 8.0",1,,,3790000
3334,"Anillo de compromiso oro blanco con diamantes estilo TRIO - 8.3",1,,,3790000
3335,"Anillo de compromiso oro blanco con diamantes estilo TRIO - 8.5",0,,,3790000
3336,"Anillo de compromiso oro blanco con diamantes estilo TRIO - 9.0",1,,,3790000
3337,"Anillo de compromiso oro blanco con diamantes estilo TRIO - 9.3",1,,,3790000
3338,"Anillo de compromiso oro blanco con diamantes estilo TRIO - 9.5",1,,,3790000
3339,"Anillo de compromiso oro blanco con diamantes estilo TRIO - 10.0",1,,,3790000
3345,"Anillo de compromiso oro blanco con diamantes estilo TENSION",1,"Anillo de oro amarillo con diamantes estilo\n\nTENSION\n\n.35 ct de diamante\n\nCOLOR DE DIAMANTE D\n\nHecho en Colombia, materiales alta calidad y garantía mantenimiento.","Anillo de compromiso oro blanco con diamantes estilo TENSION\n\n.35 ct de diamante\n\nCOLOR DE DIAMANTE G\n\n<a href=""https://ewajoyeria.com/index.php/2024/03/28/color-y-quilates-de-los-diamantes-utilizados-en-ewa-joyeria/"">¿Qué significa esto?</a>\n\nHecho en Colombia con materiales de alta calidad y certificados.\n\nGarantía de por vida para mantenimiento y limpieza.\n\n¿No sabe la medida de su anillo?, con su celular de clic en este link y siga está guía (en inglés) <a href=""https://ringsizer.moonmagic.com/"">https://ringsizer.moonmagic.com/ </a>\n\nPolítica de devoluciones:\n\nSi no está completamente satisfecho con su anillo de oro, aceptamos devoluciones dentro de los 30 días posteriores a la compra. El anillo debe estar en su estado original y sin usar. Para procesar una devolución, comuníquese con nuestro servicio al cliente para obtener más información sobre el proceso de devolución y el reembolso. Tenga en cuenta que los gastos de envío no son reembolsables. ver más detalles aquí.",
3346,"Anillo de compromiso oro blanco con diamantes estilo TENSION - 4.0",1,,,6000000
3347,"Anillo de compromiso oro blanco con diamantes estilo TENSION - 4.3",1,,,6000000
3348,"Anillo de compromiso oro blanco con diamantes estilo TENSION - 4.5",1,,,6000000
3349,"Anillo de compromiso oro blanco con diamantes estilo TENSION - 5.0",1,,,6000000
3350,"Anillo de compromiso oro blanco con diamantes estilo TENSION - 5.3",1,,,6000000
3351,"Anillo de compromiso oro blanco con diamantes estilo TENSION - 5.5",1,,,6000000
3352,"Anillo de compromiso oro blanco con diamantes estilo TENSION - 6.0",1,,,6000000
3353,"Anillo de compromiso oro blanco con diamantes estilo TENSION - 6.3",1,,,6000000
3354,"Anillo de compromiso oro blanco con diamantes estilo TENSION - 6.5",1,,,6000000
3355,"Anillo de compromiso oro blanco con diamantes estilo TENSION - 7.0",1,,,6000000
3356,"Anillo de compromiso oro blanco con diamantes estilo TENSION - 7.3",1,,,6000000
3357,"Anillo de compromiso oro blanco con diamantes estilo TENSION - 7.5",1,,,6000000
3358,"Anillo de compromiso oro blanco con diamantes estilo TENSION - 8.0",1,,,6000000
3359,"Anillo de compromiso oro blanco con diamantes estilo TENSION - 8.3",1,,,6000000
3360,"Anillo de compromiso oro blanco con diamantes estilo TENSION - 8.5",0,,,6000000
3361,"Anillo de compromiso oro blanco con diamantes estilo TENSION - 9.0",1,,,6000000
3362,"Anillo de compromiso oro blanco con diamantes estilo TENSION - 9.3",1,,,6000000
3363,"Anillo de compromiso oro blanco con diamantes estilo TENSION - 9.5",1,,,6000000
3364,"Anillo de compromiso oro blanco con diamantes estilo TENSION - 10.0",1,,,6000000
3476,"Anillo de matrimonio hombre estilo TWIST",1,"Anillo de matrimonio para hombre en oro blanco estilo TWIST\n\nHecho en Colombia, materiales alta calidad y garantía mantenimiento.","Anillo de matrimonio hombre estilo TWIST\n\nHecho en Colombia con materiales de alta calidad.\n\nGarantía de por vida para mantenimiento y limpieza.\n\n¿No sabe la medida de su anillo?, con su celular de clic en este link y siga está guía (en inglés) <a href=""https://ringsizer.moonmagic.com/"">https://ringsizer.moonmagic.com/ </a>\n\nPolítica de devoluciones:\n\nSi no está completamente satisfecho con su anillo de oro, aceptamos devoluciones dentro de los 30 días posteriores a la compra. El anillo debe estar en su estado original y sin usar. Para procesar una devolución, comuníquese con nuestro servicio al cliente para obtener más información sobre el proceso de devolución y el reembolso. Tenga en cuenta que los gastos de envío no son reembolsables. ver más detalles aquí.",
3477,"Anillo de matrimonio hombre estilo TWIST - 4.0",1,,,4300000
3478,"Anillo de matrimonio hombre estilo TWIST - 4.3",1,,,4300000
3479,"Anillo de matrimonio hombre estilo TWIST - 4.5",1,,,4300000
3480,"Anillo de matrimonio hombre estilo TWIST - 5.0",1,,,4300000
3481,"Anillo de matrimonio hombre estilo TWIST - 5.3",1,,,4300000
3482,"Anillo de matrimonio hombre estilo TWIST - 5.5",1,,,4300000
3483,"Anillo de matrimonio hombre estilo TWIST - 6.0",1,,,4300000
3484,"Anillo de matrimonio hombre estilo TWIST - 6.3",1,,,4300000
3485,"Anillo de matrimonio hombre estilo TWIST - 6.5",1,,,4300000
3486,"Anillo de matrimonio hombre estilo TWIST - 7.0",1,,,4300000
3487,"Anillo de matrimonio hombre estilo TWIST - 7.3",1,,,4300000
3488,"Anillo de matrimonio hombre estilo TWIST - 7.5",1,,,4300000
3489,"Anillo de matrimonio hombre estilo TWIST - 8.0",1,,,4300000
3490,"Anillo de matrimonio hombre estilo TWIST - 8.3",1,,,4300000
3491,"Anillo de matrimonio hombre estilo TWIST - 8.5",0,,,4300000
3492,"Anillo de matrimonio hombre estilo TWIST - 9.0",1,,,4400000
3493,"Anillo de matrimonio hombre estilo TWIST - 9.3",1,,,4400000
3494,"Anillo de matrimonio hombre estilo TWIST - 9.5",1,,,4400000
3495,"Anillo de matrimonio hombre estilo TWIST - 10.0",1,,,4400000
3499,"Anillo de matrimonio hombre estilo GRAIN",1,"Anillo de matrimonio hombre estilo GRAIN\n\n0.26 ct de diamante en total\n\nCOLOR DE DIAMANTE D\n\nHecho en Colombia con materiales de alta calidad.\n\nGarantía de por vida para mantenimiento y limpieza.","Anillo de matrimonio hombre estilo GRAIN\n\n0.26 ct de diamante en total\n\nCOLOR DE DIAMANTE I-H\n\n<a style=""font-size: 16px; background-color: #ffffff;"" href=""https://ewajoyeria.com/index.php/2024/03/28/color-y-quilates-de-los-diamantes-utilizados-en-ewa-joyeria/"">¿Qué significa esto?</a>\n\nHecho en Colombia con materiales de alta calidad.\n\nGarantía de por vida para mantenimiento y limpieza.\n\n¿No sabe la medida de su anillo?, con su celular de clic en este link y siga está guía (en inglés) <a href=""https://ringsizer.moonmagic.com/"">https://ringsizer.moonmagic.com/ </a>\n\nPolítica de devoluciones:\n\nSi no está completamente satisfecho con su anillo de oro, aceptamos devoluciones dentro de los 30 días posteriores a la compra. El anillo debe estar en su estado original y sin usar. Para procesar una devolución, comuníquese con nuestro servicio al cliente para obtener más información sobre el proceso de devolución y el reembolso. Tenga en cuenta que los gastos de envío no son reembolsables. ver más detalles aquí.",
3500,"Anillo de matrimonio hombre estilo GRAIN - 4.0",1,,,4500000
3501,"Anillo de matrimonio hombre estilo GRAIN - 4.3",1,,,4500000
3502,"Anillo de matrimonio hombre estilo GRAIN - 4.5",1,,,4500000
3503,"Anillo de matrimonio hombre estilo GRAIN - 5.0",1,,,4500000
3504,"Anillo de matrimonio hombre estilo GRAIN - 5.3",1,,,4500000
3505,"Anillo de matrimonio hombre estilo GRAIN - 5.5",1,,,4500000
3506,"Anillo de matrimonio hombre estilo GRAIN - 6.0",1,,,4500000
3507,"Anillo de matrimonio hombre estilo GRAIN - 6.3",1,,,4500000
3508,"Anillo de matrimonio hombre estilo GRAIN - 6.5",1,,,4500000
3509,"Anillo de matrimonio hombre estilo GRAIN - 7.0",1,,,4500000
3510,"Anillo de matrimonio hombre estilo GRAIN - 7.3",1,,,4500000
3511,"Anillo de matrimonio hombre estilo GRAIN - 7.5",1,,,4500000
3512,"Anillo de matrimonio hombre estilo GRAIN - 8.0",1,,,4500000
3513,"Anillo de matrimonio hombre estilo GRAIN - 8.3",1,,,4500000
3514,"Anillo de matrimonio hombre estilo GRAIN - 8.5",0,,,4500000
3515,"Anillo de matrimonio hombre estilo GRAIN - 9.0",1,,,4600000
3516,"Anillo de matrimonio hombre estilo GRAIN - 9.3",1,,,4600000
3517,"Anillo de matrimonio hombre estilo GRAIN - 9.5",1,,,4600000
3518,"Anillo de matrimonio hombre estilo GRAIN - 10.0",1,,,4600000
3522,"Anillo de matrimonio hombre estilo X",1,"Anillo de matrimonio para hombre en oro blanco estilo X\n\nHecho en Colombia, materiales alta calidad y garantía mantenimiento.","Anillo de matrimonio hombre estilo X\n\nHecho en Colombia con materiales de alta calidad.\n\nConoce nuestro oro: <a href=""https://ewajoyeria.com/index.php/oro-responsable/"">ORO RESPONSABLE</a>\n\nGarantía de por vida para mantenimiento y limpieza.\n\n¿No sabe la medida de su anillo?, con su celular de clic en este link y siga está guía (en inglés) <a href=""https://ringsizer.moonmagic.com/"">https://ringsizer.moonmagic.com/ </a>\n\nPolítica de devoluciones:\n\nSi no está completamente satisfecho con su anillo de oro, aceptamos devoluciones dentro de los 30 días posteriores a la compra. El anillo debe estar en su estado original y sin usar. Para procesar una devolución, comuníquese con nuestro servicio al cliente para obtener más información sobre el proceso de devolución y el reembolso. Tenga en cuenta que los gastos de envío no son reembolsables. ver más detalles aquí.",
3523,"Anillo de matrimonio hombre estilo X - 4.0",1,,,3400000
3524,"Anillo de matrimonio hombre estilo X - 4.3",1,,,3400000
3525,"Anillo de matrimonio hombre estilo X - 4.5",1,,,3400000
3526,"Anillo de matrimonio hombre estilo X - 5.0",1,,,3400000
3527,"Anillo de matrimonio hombre estilo X - 5.3",1,,,3400000
3528,"Anillo de matrimonio hombre estilo X - 5.5",1,,,3400000
3529,"Anillo de matrimonio hombre estilo X - 6.0",1,,,3400000
3530,"Anillo de matrimonio hombre estilo X - 6.3",1,,,3400000
3531,"Anillo de matrimonio hombre estilo X - 6.5",1,,,3400000
3532,"Anillo de matrimonio hombre estilo X - 7.0",1,,,3400000
3533,"Anillo de matrimonio hombre estilo X - 7.3",1,,,3400000
3534,"Anillo de matrimonio hombre estilo X - 7.5",1,,,3400000
3535,"Anillo de matrimonio hombre estilo X - 8.0",1,,,3400000
3536,"Anillo de matrimonio hombre estilo X - 8.3",1,,,3400000
3537,"Anillo de matrimonio hombre estilo X - 8.5",0,,,3400000
3538,"Anillo de matrimonio hombre estilo X - 9.0",1,,,3500000
3539,"Anillo de matrimonio hombre estilo X - 9.3",1,,,3500000
3540,"Anillo de matrimonio hombre estilo X - 9.5",1,,,3500000
3541,"Anillo de matrimonio hombre estilo X - 10.0",1,,,3500000
3546,"Anillo de matrimonio hombre estilo V",1,"Anillo de matrimonio para hombre en oro blanco estilo V\n\nHecho en Colombia, materiales alta calidad y garantía mantenimiento.","Anillo de matrimonio hombre estilo V\n\nHecho en Colombia con materiales de alta calidad.\n\nConoce nuestro oro: <a href=""https://ewajoyeria.com/index.php/oro-responsable/"">ORO RESPONSABLE</a>\n\nGarantía de por vida para mantenimiento y limpieza.\n\n¿No sabe la medida de su anillo?, con su celular de clic en este link y siga está guía (en inglés) <a href=""https://ringsizer.moonmagic.com/"">https://ringsizer.moonmagic.com/ </a>\n\nPolítica de devoluciones:\n\nSi no está completamente satisfecho con su anillo de oro, aceptamos devoluciones dentro de los 30 días posteriores a la compra. El anillo debe estar en su estado original y sin usar. Para procesar una devolución, comuníquese con nuestro servicio al cliente para obtener más información sobre el proceso de devolución y el reembolso. Tenga en cuenta que los gastos de envío no son reembolsables. ver más detalles aquí.",
3547,"Anillo de matrimonio hombre estilo V - 4.0",1,,,3500000
3548,"Anillo de matrimonio hombre estilo V - 4.3",1,,,3500000
3549,"Anillo de matrimonio hombre estilo V - 4.5",1,,,3500000
3550,"Anillo de matrimonio hombre estilo V - 5.0",1,,,3500000
3551,"Anillo de matrimonio hombre estilo V - 5.3",1,,,3500000
3552,"Anillo de matrimonio hombre estilo V - 5.5",1,,,3500000
3553,"Anillo de matrimonio hombre estilo V - 6.0",1,,,3500000
3554,"Anillo de matrimonio hombre estilo V - 6.3",1,,,3500000
3555,"Anillo de matrimonio hombre estilo V - 6.5",1,,,3500000
3556,"Anillo de matrimonio hombre estilo V - 7.0",1,,,3500000
3557,"Anillo de matrimonio hombre estilo V - 7.3",1,,,3500000
3558,"Anillo de matrimonio hombre estilo V - 7.5",1,,,3500000
3559,"Anillo de matrimonio hombre estilo V - 8.0",1,,,3500000
3560,"Anillo de matrimonio hombre estilo V - 8.3",1,,,3500000
3561,"Anillo de matrimonio hombre estilo V - 8.5",0,,,3500000
3562,"Anillo de matrimonio hombre estilo V - 9.0",1,,,3600000
3563,"Anillo de matrimonio hombre estilo V - 9.3",1,,,3600000
3564,"Anillo de matrimonio hombre estilo V - 9.5",1,,,3600000
3565,"Anillo de matrimonio hombre estilo V - 10.0",1,,,3600000
3571,"Anillo de matrimonio hombre estilo FLUSH",1,"Anillo de matrimonio hombre estilo FLSUH\n\n0.30 ct de diamante en total\n\nCOLOR DE DIAMANTE I-H\n\nHecho en Colombia con materiales de alta calidad.\n\nConoce nuestro oro: <a href=""https://ewajoyeria.com/index.php/oro-responsable/"">ORO RESPONSABLE</a>\n\nHecho en Colombia, materiales alta calidad y garantía mantenimiento.","Anillo de matrimonio hombre estilo FLSUH\n\n0.30 ct de diamante en total\n\nCOLOR DE DIAMANTE I-H\n\n<a style=""font-size: 16px; background-color: #ffffff;"" href=""https://ewajoyeria.com/index.php/2024/03/28/color-y-quilates-de-los-diamantes-utilizados-en-ewa-joyeria/"">¿Qué significa esto?</a>\n\nHecho en Colombia con materiales de alta calidad.\n\nConoce nuestro oro: <a href=""https://ewajoyeria.com/index.php/oro-responsable/"">ORO RESPONSABLE</a>\n\nGarantía de por vida para mantenimiento y limpieza.\n\n¿No sabe la medida de su anillo?, con su celular de clic en este link y siga está guía (en inglés) <a href=""https://ringsizer.moonmagic.com/"">https://ringsizer.moonmagic.com/ </a>\n\nPolítica de devoluciones:\n\nSi no está completamente satisfecho con su anillo de oro, aceptamos devoluciones dentro de los 30 días posteriores a la compra. El anillo debe estar en su estado original y sin usar. Para procesar una devolución, comuníquese con nuestro servicio al cliente para obtener más información sobre el proceso de devolución y el reembolso. Tenga en cuenta que los gastos de envío no son reembolsables. ver más detalles aquí.",
3572,"Anillo de matrimonio hombre estilo FLUSH - 4.0",1,,,3450000
3573,"Anillo de matrimonio hombre estilo FLUSH - 4.3",1,,,3450000
3574,"Anillo de matrimonio hombre estilo FLUSH - 4.5",1,,,3450000
3575,"Anillo de matrimonio hombre estilo FLUSH - 5.0",1,,,3450000
3576,"Anillo de matrimonio hombre estilo FLUSH - 5.3",1,,,3450000
3577,"Anillo de matrimonio hombre estilo FLUSH - 5.5",1,,,3450000
3578,"Anillo de matrimonio hombre estilo FLUSH - 6.0",1,,,3450000
3579,"Anillo de matrimonio hombre estilo FLUSH - 6.3",1,,,3450000
3580,"Anillo de matrimonio hombre estilo FLUSH - 6.5",1,,,3450000
3581,"Anillo de matrimonio hombre estilo FLUSH - 7.0",1,,,3450000
3582,"Anillo de matrimonio hombre estilo FLUSH - 7.3",1,,,3450000
3583,"Anillo de matrimonio hombre estilo FLUSH - 7.5",1,,,3450000
3584,"Anillo de matrimonio hombre estilo FLUSH - 8.0",1,,,3450000
3585,"Anillo de matrimonio hombre estilo FLUSH - 8.3",1,,,3450000
3586,"Anillo de matrimonio hombre estilo FLUSH - 8.5",0,,,3450000
3587,"Anillo de matrimonio hombre estilo FLUSH - 9.0",1,,,3550000
3588,"Anillo de matrimonio hombre estilo FLUSH - 9.3",1,,,3550000
3589,"Anillo de matrimonio hombre estilo FLUSH - 9.5",1,,,3550000
3590,"Anillo de matrimonio hombre estilo FLUSH - 10.0",1,,,3550000
3643,"Anillo de matrimonio en oro blanco con diamantes mujer estilo GRANO",1,"Un anillo de matrimonio para mujer con un diseño único especialmente pensado para combinar con cualquier anillo de compromiso.\n\nAnillo de matrimonio mujer estilo GRANO BRILLANTE\n\n0.20 ct de diamante en total\n\nCOLOR DE DIAMANTE I-H\n\nHecho en Colombia con materiales de alta calidad.\n\nConoce nuestro oro: <a href=""https://ewajoyeria.com/index.php/oro-responsable/"">ORO RESPONSABLE</a>\n\nHecho en Colombia, materiales alta calidad y garantía mantenimiento.","Anillo de matrimonio mujer en oro blanco de 18 quilates estilo GRANO BRILLANTE\n\n0.20 ct de diamante en total\n\nCOLOR DE DIAMANTE I-H\n\n<a style=""font-size: 16px; background-color: #ffffff;"" href=""https://ewajoyeria.com/index.php/2024/03/28/color-y-quilates-de-los-diamantes-utilizados-en-ewa-joyeria/"">¿Qué significa esto?</a>\n\nHecho en Colombia con materiales de alta calidad.\n\nConoce nuestro oro: <a href=""https://ewajoyeria.com/index.php/oro-responsable/"">ORO RESPONSABLE</a>\n\nGarantía de por vida para mantenimiento y limpieza.\n\n¿No sabe la medida de su anillo?, con su celular de clic en este link y siga está guía (en inglés) <a href=""https://ringsizer.moonmagic.com/"">https://ringsizer.moonmagic.com/ </a>\n\nPolítica de devoluciones:\n\nSi no está completamente satisfecho con su anillo de oro, aceptamos devoluciones dentro de los 30 días posteriores a la compra. El anillo debe estar en su estado original y sin usar. Para procesar una devolución, comuníquese con nuestro servicio al cliente para obtener más información sobre el proceso de devolución y el reembolso. Tenga en cuenta que los gastos de envío no son reembolsables. ver más detalles aquí.",
3644,"Anillo de matrimonio en oro blanco con diamantes mujer estilo GRANO - 4.0",1,,,2200000
3645,"Anillo de matrimonio en oro blanco con diamantes mujer estilo GRANO - 4.3",1,,,2200000
3646,"Anillo de matrimonio en oro blanco con diamantes mujer estilo GRANO - 4.5",1,,,2200000
3647,"Anillo de matrimonio en oro blanco con diamantes mujer estilo GRANO - 5.0",1,,,2200000
3648,"Anillo de matrimonio en oro blanco con diamantes mujer estilo GRANO - 5.3",1,,,2200000
3649,"Anillo de matrimonio en oro blanco con diamantes mujer estilo GRANO - 5.5",1,,,2200000
3650,"Anillo de matrimonio en oro blanco con diamantes mujer estilo GRANO - 6.0",1,,,2200000
3651,"Anillo de matrimonio en oro blanco con diamantes mujer estilo GRANO - 6.3",1,,,2200000
3652,"Anillo de matrimonio en oro blanco con diamantes mujer estilo GRANO - 6.5",1,,,2200000
3653,"Anillo de matrimonio en oro blanco con diamantes mujer estilo GRANO - 7.0",1,,,2350000
3654,"Anillo de matrimonio en oro blanco con diamantes mujer estilo GRANO - 7.3",1,,,2350000
3655,"Anillo de matrimonio en oro blanco con diamantes mujer estilo GRANO - 7.5",1,,,2350000
3656,"Anillo de matrimonio en oro blanco con diamantes mujer estilo GRANO - 8.0",1,,,2350000
3657,"Anillo de matrimonio en oro blanco con diamantes mujer estilo GRANO - 8.3",1,,,2350000
3658,"Anillo de matrimonio en oro blanco con diamantes mujer estilo GRANO - 8.5",0,,,2350000
3659,"Anillo de matrimonio en oro blanco con diamantes mujer estilo GRANO - 9.0",1,,,2350000
3660,"Anillo de matrimonio en oro blanco con diamantes mujer estilo GRANO - 9.3",1,,,2350000
3661,"Anillo de matrimonio en oro blanco con diamantes mujer estilo GRANO - 9.5",1,,,2350000
3662,"Anillo de matrimonio en oro blanco con diamantes mujer estilo GRANO - 10.0",1,,,2350000
3667,"Anillo de matrimonio en oro blanco con diamantes mujer estilo PUNTAS SUPERFICIALES",1,"Un anillo de matrimonio para mujer con un diseño único especialmente pensado para combinar con cualquier anillo de compromiso.\n\nAnillo de matrimonio mujer estilo GRANO BRILLANTE\n\n0.20 ct de diamante en total\n\nCOLOR DE DIAMANTE I-H\n\nmateriales de alta calidad.\n\nConoce nuestro oro: <a href=""https://ewajoyeria.com/index.php/oro-responsable/"">ORO RESPONSABLE</a>\n\nHecho en Colombia, materiales alta calidad y garantía mantenimiento.","Anillo de matrimonio mujer en oro blanco de 18 quilates estilo PUNTAS SUPERFICIALES\n\n0.30 ct de diamante en total\n\nCOLOR DE DIAMANTE I-H\n\n<a style=""font-size: 16px; background-color: #ffffff;"" href=""https://ewajoyeria.com/index.php/2024/03/28/color-y-quilates-de-los-diamantes-utilizados-en-ewa-joyeria/"">¿Qué significa esto?</a>\n\nHecho en Colombia con materiales de alta calidad.\n\nConoce nuestro oro: <a href=""https://ewajoyeria.com/index.php/oro-responsable/"">ORO RESPONSABLE</a>\n\nGarantía de por vida para mantenimiento y limpieza.\n\n¿No sabe la medida de su anillo?, con su celular de clic en este link y siga está guía (en inglés) <a href=""https://ringsizer.moonmagic.com/"">https://ringsizer.moonmagic.com/ </a>\n\nPolítica de devoluciones:\n\nSi no está completamente satisfecho con su anillo de oro, aceptamos devoluciones dentro de los 30 días posteriores a la compra. El anillo debe estar en su estado original y sin usar. Para procesar una devolución, comuníquese con nuestro servicio al cliente para obtener más información sobre el proceso de devolución y el reembolso. Tenga en cuenta que los gastos de envío no son reembolsables. ver más detalles aquí.",
3668,"Anillo de matrimonio en oro blanco con diamantes mujer estilo PUNTAS SUPERFICIALES - 4.0",1,,,2950000
3669,"Anillo de matrimonio en oro blanco con diamantes mujer estilo PUNTAS SUPERFICIALES - 4.3",1,,,2950000
3670,"Anillo de matrimonio en oro blanco con diamantes mujer estilo PUNTAS SUPERFICIALES - 4.5",1,,,2950000
3671,"Anillo de matrimonio en oro blanco con diamantes mujer estilo PUNTAS SUPERFICIALES - 5.0",1,,,2950000
3672,"Anillo de matrimonio en oro blanco con diamantes mujer estilo PUNTAS SUPERFICIALES - 5.3",1,,,2950000
3673,"Anillo de matrimonio en oro blanco con diamantes mujer estilo PUNTAS SUPERFICIALES - 5.5",1,,,2950000
3674,"Anillo de matrimonio en oro blanco con diamantes mujer estilo PUNTAS SUPERFICIALES - 6.0",1,,,2950000
3675,"Anillo de matrimonio en oro blanco con diamantes mujer estilo PUNTAS SUPERFICIALES - 6.3",1,,,2950000
3676,"Anillo de matrimonio en oro blanco con diamantes mujer estilo PUNTAS SUPERFICIALES - 6.5",1,,,2950000
3677,"Anillo de matrimonio en oro blanco con diamantes mujer estilo PUNTAS SUPERFICIALES - 7.0",1,,,2950000
3678,"Anillo de matrimonio en oro blanco con diamantes mujer estilo PUNTAS SUPERFICIALES - 7.3",1,,,3130000
3679,"Anillo de matrimonio en oro blanco con diamantes mujer estilo PUNTAS SUPERFICIALES - 7.5",1,,,3130000
3680,"Anillo de matrimonio en oro blanco con diamantes mujer estilo PUNTAS SUPERFICIALES - 8.0",1,,,3130000
3681,"Anillo de matrimonio en oro blanco con diamantes mujer estilo PUNTAS SUPERFICIALES - 8.3",1,,,3130000
3682,"Anillo de matrimonio en oro blanco con diamantes mujer estilo PUNTAS SUPERFICIALES - 8.5",0,,,3130000
3683,"Anillo de matrimonio en oro blanco con diamantes mujer estilo PUNTAS SUPERFICIALES - 9.0",1,,,3130000
3684,"Anillo de matrimonio en oro blanco con diamantes mujer estilo PUNTAS SUPERFICIALES - 9.3",1,,,3130000
3685,"Anillo de matrimonio en oro blanco con diamantes mujer estilo PUNTAS SUPERFICIALES - 9.5",1,,,3130000
3686,"Anillo de matrimonio en oro blanco con diamantes mujer estilo PUNTAS SUPERFICIALES - 10.0",1,,,3130000
3695,"Anillo de matrimonio mujer en oro blanco con diamantes estilo FORMA LIBRE2",1,"Un diseño distinto y llamativo, perfecto para celebrar su amor. Cuidadosamente seleccionado para combinar con cualquier anillo de matrimonio.\n\nAnillo de matrimonio mujer estilo FORMA LIBRE2\n\n0.30 ct de diamante en total\n\nCOLOR DE DIAMANTE I-H\n\nHecho en Colombia con materiales de alta calidad.\n\nConoce nuestro oro: <a href=""https://ewajoyeria.com/index.php/oro-responsable/"">ORO RESPONSABLE</a>\n\nHecho en Colombia, materiales alta calidad y garantía mantenimiento.","Anillo de matrimonio mujer en oro blanco de 18 quilates estilo FORMA LIBRE2\n\n0.30 ct de diamante en total\n\nCOLOR DE DIAMANTE I-H\n\n<a style=""font-size: 16px; background-color: #ffffff;"" href=""https://ewajoyeria.com/index.php/2024/03/28/color-y-quilates-de-los-diamantes-utilizados-en-ewa-joyeria/"">¿Qué significa esto?</a>\n\nHecho en Colombia con materiales de alta calidad.\n\nConoce nuestro oro: <a href=""https://ewajoyeria.com/index.php/oro-responsable/"">ORO RESPONSABLE</a>\n\nGarantía de por vida para mantenimiento y limpieza.\n\n¿No sabe la medida de su anillo?, con su celular de clic en este link y siga está guía (en inglés) <a href=""https://ringsizer.moonmagic.com/"">https://ringsizer.moonmagic.com/ </a>\n\nPolítica de devoluciones:\n\nSi no está completamente satisfecho con su anillo de oro, aceptamos devoluciones dentro de los 30 días posteriores a la compra. El anillo debe estar en su estado original y sin usar. Para procesar una devolución, comuníquese con nuestro servicio al cliente para obtener más información sobre el proceso de devolución y el reembolso. Tenga en cuenta que los gastos de envío no son reembolsables. ver más detalles aquí.",
3696,"Anillo de matrimonio mujer en oro blanco con diamantes estilo FORMA LIBRE2 - 4.0",1,,,3100000
3697,"Anillo de matrimonio mujer en oro blanco con diamantes estilo FORMA LIBRE2 - 4.3",1,,,3100000
3698,"Anillo de matrimonio mujer en oro blanco con diamantes estilo FORMA LIBRE2 - 4.5",1,,,3100000
3699,"Anillo de matrimonio mujer en oro blanco con diamantes estilo FORMA LIBRE2 - 5.0",1,,,3100000
3700,"Anillo de matrimonio mujer en oro blanco con diamantes estilo FORMA LIBRE2 - 5.3",1,,,3100000
3701,"Anillo de matrimonio mujer en oro blanco con diamantes estilo FORMA LIBRE2 - 5.5",1,,,3100000
3702,"Anillo de matrimonio mujer en oro blanco con diamantes estilo FORMA LIBRE2 - 6.0",1,,,3100000
3703,"Anillo de matrimonio mujer en oro blanco con diamantes estilo FORMA LIBRE2 - 6.3",1,,,3100000
3704,"Anillo de matrimonio mujer en oro blanco con diamantes estilo FORMA LIBRE2 - 6.5",1,,,3100000
3705,"Anillo de matrimonio mujer en oro blanco con diamantes estilo FORMA LIBRE2 - 7.0",1,,,3100000
3706,"Anillo de matrimonio mujer en oro blanco con diamantes estilo FORMA LIBRE2 - 7.3",1,,,3150000
3707,"Anillo de matrimonio mujer en oro blanco con diamantes estilo FORMA LIBRE2 - 7.5",1,,,3150000
3708,"Anillo de matrimonio mujer en oro blanco con diamantes estilo FORMA LIBRE2 - 8.0",1,,,3150000
3709,"Anillo de matrimonio mujer en oro blanco con diamantes estilo FORMA LIBRE2 - 8.3",1,,,3150000
3710,"Anillo de matrimonio mujer en oro blanco con diamantes estilo FORMA LIBRE2 - 8.5",0,,,3150000
3711,"Anillo de matrimonio mujer en oro blanco con diamantes estilo FORMA LIBRE2 - 9.0",1,,,3150000
3712,"Anillo de matrimonio mujer en oro blanco con diamantes estilo FORMA LIBRE2 - 9.3",1,,,3150000
3713,"Anillo de matrimonio mujer en oro blanco con diamantes estilo FORMA LIBRE2 - 9.5",1,,,3150000
3714,"Anillo de matrimonio mujer en oro blanco con diamantes estilo FORMA LIBRE2 - 10.0",1,,,3150000
3721,"Anillo de matrimonio mujer en oro blanco con diamantes estilo CHANEL",1,"Clásico, el estilo Chanel permanece por su diseño y lujo. EWA hace su variación con su esencia. Cuidadosamente seleccionado para combinar con cualquier anillo de compromiso.\n\nAnillo de matrimonio mujer estilo CHANEL\n\n0.18 ct de diamante en total\n\nCOLOR DE DIAMANTE I-H\n\nHecho en Colombia con materiales de alta calidad.\n\nConoce nuestro oro: <a href=""https://ewajoyeria.com/index.php/oro-responsable/"">ORO RESPONSABLE</a>\n\nHecho en Colombia, materiales alta calidad y garantía mantenimiento.","Anillo de matrimonio mujer en oro blanco de 18 quilates estilo CHANEL (VARIACIÓN)\n\n0.18 ct de diamante en total\n\nCOLOR DE DIAMANTE I-H\n\n<a style=""font-size: 16px; background-color: #ffffff;"" href=""https://ewajoyeria.com/index.php/2024/03/28/color-y-quilates-de-los-diamantes-utilizados-en-ewa-joyeria/"">¿Qué significa esto?</a>\n\nHecho en Colombia con materiales de alta calidad.\n\nConoce nuestro oro: <a href=""https://ewajoyeria.com/index.php/oro-responsable/"">ORO RESPONSABLE</a>\n\nGarantía de por vida para mantenimiento y limpieza.\n\n¿No sabe la medida de su anillo?, con su celular de clic en este link y siga está guía (en inglés) <a href=""https://ringsizer.moonmagic.com/"">https://ringsizer.moonmagic.com/ </a>\n\nPolítica de devoluciones:\n\nSi no está completamente satisfecho con su anillo de oro, aceptamos devoluciones dentro de los 30 días posteriores a la compra. El anillo debe estar en su estado original y sin usar. Para procesar una devolución, comuníquese con nuestro servicio al cliente para obtener más información sobre el proceso de devolución y el reembolso. Tenga en cuenta que los gastos de envío no son reembolsables. ver más detalles aquí.",
3722,"Anillo de matrimonio mujer en oro blanco con diamantes estilo CHANEL - 4.0",1,,,1700000
3723,"Anillo de matrimonio mujer en oro blanco con diamantes estilo CHANEL - 4.3",1,,,1700000
3724,"Anillo de matrimonio mujer en oro blanco con diamantes estilo CHANEL - 4.5",1,,,1700000
3725,"Anillo de matrimonio mujer en oro blanco con diamantes estilo CHANEL - 5.0",1,,,1700000
3726,"Anillo de matrimonio mujer en oro blanco con diamantes estilo CHANEL - 5.3",1,,,1700000
3727,"Anillo de matrimonio mujer en oro blanco con diamantes estilo CHANEL - 5.5",1,,,1700000
3728,"Anillo de matrimonio mujer en oro blanco con diamantes estilo CHANEL - 6.0",1,,,1700000
3729,"Anillo de matrimonio mujer en oro blanco con diamantes estilo CHANEL - 6.3",1,,,1700000
3730,"Anillo de matrimonio mujer en oro blanco con diamantes estilo CHANEL - 6.5",1,,,1700000
3731,"Anillo de matrimonio mujer en oro blanco con diamantes estilo CHANEL - 7.0",1,,,1700000
3732,"Anillo de matrimonio mujer en oro blanco con diamantes estilo CHANEL - 7.3",1,,,1850000
3733,"Anillo de matrimonio mujer en oro blanco con diamantes estilo CHANEL - 7.5",1,,,1850000
3734,"Anillo de matrimonio mujer en oro blanco con diamantes estilo CHANEL - 8.0",1,,,1850000
3735,"Anillo de matrimonio mujer en oro blanco con diamantes estilo CHANEL - 8.3",1,,,1850000
3736,"Anillo de matrimonio mujer en oro blanco con diamantes estilo CHANEL - 8.5",0,,,1850000
3737,"Anillo de matrimonio mujer en oro blanco con diamantes estilo CHANEL - 9.0",1,,,1850000
3738,"Anillo de matrimonio mujer en oro blanco con diamantes estilo CHANEL - 9.3",1,,,1850000
3739,"Anillo de matrimonio mujer en oro blanco con diamantes estilo CHANEL - 9.5",1,,,1850000
3740,"Anillo de matrimonio mujer en oro blanco con diamantes estilo CHANEL - 10.0",1,,,1850000
3745,"Anillo de matrimonio mujer en oro blanco con diamantes estilo FORMA LIBRE",1,"Un estilo especial, llamativo e innovador, característico de la marca EWA. Cuidadosamente seleccionado para combinar con cualquier anillo de compromiso.\n\nAnillo de matrimonio mujer estilo CHANEL\n\n0.18 ct de diamante en total\n\nCOLOR DE DIAMANTE I-H\n\nHecho en Colombia con materiales de alta calidad.\n\nConoce nuestro oro: <a href=""https://ewajoyeria.com/index.php/oro-responsable/"">ORO RESPONSABLE</a>\n\nHecho en Colombia, materiales alta calidad y garantía mantenimiento.","Anillo de matrimonio mujer en oro blanco de 18 quilates estilo FORMA LIBRE\n\n0.18 ct de diamante en total\n\nCOLOR DE DIAMANTE I-H\n\n<a style=""font-size: 16px; background-color: #ffffff;"" href=""https://ewajoyeria.com/index.php/2024/03/28/color-y-quilates-de-los-diamantes-utilizados-en-ewa-joyeria/"">¿Qué significa esto?</a>\n\nHecho en Colombia con materiales de alta calidad.\n\nConoce nuestro oro: <a href=""https://ewajoyeria.com/index.php/oro-responsable/"">ORO RESPONSABLE</a>\n\nGarantía de por vida para mantenimiento y limpieza.\n\n¿No sabe la medida de su anillo?, con su celular de clic en este link y siga está guía (en inglés) <a href=""https://ringsizer.moonmagic.com/"">https://ringsizer.moonmagic.com/ </a>\n\nPolítica de devoluciones:\n\nSi no está completamente satisfecho con su anillo de oro, aceptamos devoluciones dentro de los 30 días posteriores a la compra. El anillo debe estar en su estado original y sin usar. Para procesar una devolución, comuníquese con nuestro servicio al cliente para obtener más información sobre el proceso de devolución y el reembolso. Tenga en cuenta que los gastos de envío no son reembolsables. ver más detalles aquí.",
3746,"Anillo de matrimonio mujer en oro blanco con diamantes estilo FORMA LIBRE - 4.0",1,,,2050000
3747,"Anillo de matrimonio mujer en oro blanco con diamantes estilo FORMA LIBRE - 4.3",1,,,2050000
3748,"Anillo de matrimonio mujer en oro blanco con diamantes estilo FORMA LIBRE - 4.5",1,,,2050000
3749,"Anillo de matrimonio mujer en oro blanco con diamantes estilo FORMA LIBRE - 5.0",1,,,2050000
3750,"Anillo de matrimonio mujer en oro blanco con diamantes estilo FORMA LIBRE - 5.3",1,,,2050000
3751,"Anillo de matrimonio mujer en oro blanco con diamantes estilo FORMA LIBRE - 5.5",1,,,2050000
3752,"Anillo de matrimonio mujer en oro blanco con diamantes estilo FORMA LIBRE - 6.0",1,,,2050000
3753,"Anillo de matrimonio mujer en oro blanco con diamantes estilo FORMA LIBRE - 6.3",1,,,2050000
3754,"Anillo de matrimonio mujer en oro blanco con diamantes estilo FORMA LIBRE - 6.5",1,,,2050000
3755,"Anillo de matrimonio mujer en oro blanco con diamantes estilo FORMA LIBRE - 7.0",1,,,2050000
3756,"Anillo de matrimonio mujer en oro blanco con diamantes estilo FORMA LIBRE - 7.3",1,,,2150000
3757,"Anillo de matrimonio mujer en oro blanco con diamantes estilo FORMA LIBRE - 7.5",1,,,2150000
3758,"Anillo de matrimonio mujer en oro blanco con diamantes estilo FORMA LIBRE - 8.0",1,,,2150000
3759,"Anillo de matrimonio mujer en oro blanco con diamantes estilo FORMA LIBRE - 8.3",1,,,2150000
3760,"Anillo de matrimonio mujer en oro blanco con diamantes estilo FORMA LIBRE - 8.5",0,,,2150000
3761,"Anillo de matrimonio mujer en oro blanco con diamantes estilo FORMA LIBRE - 9.0",1,,,2150000
3762,"Anillo de matrimonio mujer en oro blanco con diamantes estilo FORMA LIBRE - 9.3",1,,,2150000
3763,"Anillo de matrimonio mujer en oro blanco con diamantes estilo FORMA LIBRE - 9.5",1,,,2150000
3764,"Anillo de matrimonio mujer en oro blanco con diamantes estilo FORMA LIBRE - 10.0",1,,,2150000
3770,"Anillo de matrimonio mujer en oro blanco con diamantes estilo ESCALOPA",1,"Un estilo clásico y llamativo. Cuidadosamente seleccionado para combinar con cualquier anillo de compromiso.\n\nAnillo de matrimonio mujer estilo ESCALOPA\n\n0.36 ct de diamante en total\n\nCOLOR DE DIAMANTE I-H\n\nHecho en Colombia con materiales de alta calidad.\n\nConoce nuestro oro: <a href=""https://ewajoyeria.com/index.php/oro-responsable/"">ORO RESPONSABLE</a>\n\nHecho en Colombia, materiales alta calidad y garantía mantenimiento.","Anillo de matrimonio mujer en oro blanco de 18 quilates estilo ESCALOPA\n\n0.36 ct de diamante en total\n\nCOLOR DE DIAMANTE I-H\n\n<a style=""font-size: 16px; background-color: #ffffff;"" href=""https://ewajoyeria.com/index.php/2024/03/28/color-y-quilates-de-los-diamantes-utilizados-en-ewa-joyeria/"">¿Qué significa esto?</a>\n\nHecho en Colombia con materiales de alta calidad.\n\nConoce nuestro oro: <a href=""https://ewajoyeria.com/index.php/oro-responsable/"">ORO RESPONSABLE</a>\n\nGarantía de por vida para mantenimiento y limpieza.\n\n¿No sabe la medida de su anillo?, con su celular de clic en este link y siga está guía (en inglés) <a href=""https://ringsizer.moonmagic.com/"">https://ringsizer.moonmagic.com/ </a>\n\nPolítica de devoluciones:\n\nSi no está completamente satisfecho con su anillo de oro, aceptamos devoluciones dentro de los 30 días posteriores a la compra. El anillo debe estar en su estado original y sin usar. Para procesar una devolución, comuníquese con nuestro servicio al cliente para obtener más información sobre el proceso de devolución y el reembolso. Tenga en cuenta que los gastos de envío no son reembolsables. ver más detalles aquí.",
3771,"Anillo de matrimonio mujer en oro blanco con diamantes estilo ESCALOPA - 4.0",1,,,2360000
3772,"Anillo de matrimonio mujer en oro blanco con diamantes estilo ESCALOPA - 4.3",1,,,2360000
3773,"Anillo de matrimonio mujer en oro blanco con diamantes estilo ESCALOPA - 4.5",1,,,2360000
3774,"Anillo de matrimonio mujer en oro blanco con diamantes estilo ESCALOPA - 5.0",1,,,2360000
3775,"Anillo de matrimonio mujer en oro blanco con diamantes estilo ESCALOPA - 5.3",1,,,2360000
3776,"Anillo de matrimonio mujer en oro blanco con diamantes estilo ESCALOPA - 5.5",1,,,2360000
3777,"Anillo de matrimonio mujer en oro blanco con diamantes estilo ESCALOPA - 6.0",1,,,2360000
3778,"Anillo de matrimonio mujer en oro blanco con diamantes estilo ESCALOPA - 6.3",1,,,2360000
3779,"Anillo de matrimonio mujer en oro blanco con diamantes estilo ESCALOPA - 6.5",1,,,2360000
3780,"Anillo de matrimonio mujer en oro blanco con diamantes estilo ESCALOPA - 7.0",1,,,2360000
3781,"Anillo de matrimonio mujer en oro blanco con diamantes estilo ESCALOPA - 7.3",1,,,2390000
3782,"Anillo de matrimonio mujer en oro blanco con diamantes estilo ESCALOPA - 7.5",1,,,2390000
3783,"Anillo de matrimonio mujer en oro blanco con diamantes estilo ESCALOPA - 8.0",1,,,2390000
3784,"Anillo de matrimonio mujer en oro blanco con diamantes estilo ESCALOPA - 8.3",1,,,2390000
3785,"Anillo de matrimonio mujer en oro blanco con diamantes estilo ESCALOPA - 8.5",0,,,2390000
3786,"Anillo de matrimonio mujer en oro blanco con diamantes estilo ESCALOPA - 9.0",1,,,2390000
3787,"Anillo de matrimonio mujer en oro blanco con diamantes estilo ESCALOPA - 9.3",1,,,2390000
3788,"Anillo de matrimonio mujer en oro blanco con diamantes estilo ESCALOPA - 9.5",1,,,2390000
3789,"Anillo de matrimonio mujer en oro blanco con diamantes estilo ESCALOPA - 10.0",1,,,2390000
3798,"Anillo de matrimonio mujer en oro blanco con diamantes estilo ETERNITY",1,"Un estilo clásico y llamativo. Cuidadosamente seleccionado para combinar con cualquier anillo de compromiso.\n\nAnillo de matrimonio mujer estilo ETERNITY\n\n0.33 ct de diamante en total\n\nCOLOR DE DIAMANTE I-H\n\nHecho en Colombia con materiales de alta calidad.\n\nConoce nuestro oro: <a href=""https://ewajoyeria.com/index.php/oro-responsable/"">ORO RESPONSABLE</a>\n\nHecho en Colombia, materiales alta calidad y garantía mantenimiento.","Anillo de matrimonio mujer en oro blanco de 18 quilates estilo ETERNITY\n\n0.33 ct de diamante en total\n\nCOLOR DE DIAMANTE I-H\n\n<a style=""font-size: 16px; background-color: #ffffff;"" href=""https://ewajoyeria.com/index.php/2024/03/28/color-y-quilates-de-los-diamantes-utilizados-en-ewa-joyeria/"">¿Qué significa esto?</a>\n\nHecho en Colombia con materiales de alta calidad.\n\nConoce nuestro oro: <a href=""https://ewajoyeria.com/index.php/oro-responsable/"">ORO RESPONSABLE</a>\n\nGarantía de por vida para mantenimiento y limpieza.\n\n¿No sabe la medida de su anillo?, con su celular de clic en este link y siga está guía (en inglés) <a href=""https://ringsizer.moonmagic.com/"">https://ringsizer.moonmagic.com/ </a>\n\nPolítica de devoluciones:\n\nSi no está completamente satisfecho con su anillo de oro, aceptamos devoluciones dentro de los 30 días posteriores a la compra. El anillo debe estar en su estado original y sin usar. Para procesar una devolución, comuníquese con nuestro servicio al cliente para obtener más información sobre el proceso de devolución y el reembolso. Tenga en cuenta que los gastos de envío no son reembolsables. ver más detalles aquí.",
3799,"Anillo de matrimonio mujer en oro blanco con diamantes estilo ETERNITY - 4.0",1,,,2250000
3800,"Anillo de matrimonio mujer en oro blanco con diamantes estilo ETERNITY - 4.3",1,,,2250000
3801,"Anillo de matrimonio mujer en oro blanco con diamantes estilo ETERNITY - 4.5",1,,,2250000
3802,"Anillo de matrimonio mujer en oro blanco con diamantes estilo ETERNITY - 5.0",1,,,2250000
3803,"Anillo de matrimonio mujer en oro blanco con diamantes estilo ETERNITY - 5.3",1,,,2250000
3804,"Anillo de matrimonio mujer en oro blanco con diamantes estilo ETERNITY - 5.5",1,,,2250000
3805,"Anillo de matrimonio mujer en oro blanco con diamantes estilo ETERNITY - 6.0",1,,,2250000
3806,"Anillo de matrimonio mujer en oro blanco con diamantes estilo ETERNITY - 6.3",1,,,2250000
3807,"Anillo de matrimonio mujer en oro blanco con diamantes estilo ETERNITY - 6.5",1,,,2250000
3808,"Anillo de matrimonio mujer en oro blanco con diamantes estilo ETERNITY - 7.0",1,,,2250000
3809,"Anillo de matrimonio mujer en oro blanco con diamantes estilo ETERNITY - 7.3",1,,,2350000
3810,"Anillo de matrimonio mujer en oro blanco con diamantes estilo ETERNITY - 7.5",1,,,2350000
3811,"Anillo de matrimonio mujer en oro blanco con diamantes estilo ETERNITY - 8.0",1,,,2350000
3812,"Anillo de matrimonio mujer en oro blanco con diamantes estilo ETERNITY - 8.3",1,,,2350000
3813,"Anillo de matrimonio mujer en oro blanco con diamantes estilo ETERNITY - 8.5",0,,,2350000
3814,"Anillo de matrimonio mujer en oro blanco con diamantes estilo ETERNITY - 9.0",1,,,2350000
3815,"Anillo de matrimonio mujer en oro blanco con diamantes estilo ETERNITY - 9.3",1,,,2350000
3816,"Anillo de matrimonio mujer en oro blanco con diamantes estilo ETERNITY - 9.5",1,,,2350000
3817,"Anillo de matrimonio mujer en oro blanco con diamantes estilo ETERNITY - 10.0",1,,,2350000
3832,"Anillo de matrimonio hombre estilo COMFORT FIT",1,"Anillo de matrimonio hombre estilo COMFORT FIT\n\nHecho en Colombia con materiales de alta calidad.\n\nConoce nuestro oro: <a href=""https://ewajoyeria.com/index.php/oro-responsable/"">ORO RESPONSABLE</a>\n\nHecho en Colombia, materiales alta calidad y garantía mantenimiento.","Anillo de matrimonio hombre estilo COMFORT FIT\n\nHecho en Colombia con materiales de alta calidad.\n\nConoce nuestro oro: <a href=""https://ewajoyeria.com/index.php/oro-responsable/"">ORO RESPONSABLE</a>\n\nGarantía de por vida para mantenimiento y limpieza.\n\n¿No sabe la medida de su anillo?, con su celular de clic en este link y siga está guía (en inglés) <a href=""https://ringsizer.moonmagic.com/"">https://ringsizer.moonmagic.com/ </a>\n\nPolítica de devoluciones:\n\nSi no está completamente satisfecho con su anillo de oro, aceptamos devoluciones dentro de los 30 días posteriores a la compra. El anillo debe estar en su estado original y sin usar. Para procesar una devolución, comuníquese con nuestro servicio al cliente para obtener más información sobre el proceso de devolución y el reembolso. Tenga en cuenta que los gastos de envío no son reembolsables. ver más detalles aquí.",
3893,"Anillo de matrimonio hombre estilo COMFORT FIT",1,,,2400000
3894,"Anillo de matrimonio hombre estilo COMFORT FIT",1,,,2300000
3895,"Anillo de matrimonio hombre estilo COMFORT FIT",1,,,2400000
3896,"Anillo de matrimonio hombre estilo COMFORT FIT",1,,,2300000
3897,"Anillo de matrimonio hombre estilo COMFORT FIT",1,,,2400000
3898,"Anillo de matrimonio hombre estilo COMFORT FIT",1,,,2300000
3899,"Anillo de matrimonio hombre estilo COMFORT FIT",1,,,2400000
3900,"Anillo de matrimonio hombre estilo COMFORT FIT",1,,,2300000
3901,"Anillo de matrimonio hombre estilo COMFORT FIT",1,,,2400000
3902,"Anillo de matrimonio hombre estilo COMFORT FIT",1,,,2300000
3903,"Anillo de matrimonio hombre estilo COMFORT FIT",1,,,2400000
3904,"Anillo de matrimonio hombre estilo COMFORT FIT",1,,,2300000
3905,"Anillo de matrimonio hombre estilo COMFORT FIT",1,,,2400000
3906,"Anillo de matrimonio hombre estilo COMFORT FIT",1,,,2300000
3907,"Anillo de matrimonio hombre estilo COMFORT FIT",1,,,2400000
3908,"Anillo de matrimonio hombre estilo COMFORT FIT",1,,,2300000
3909,"Anillo de matrimonio hombre estilo COMFORT FIT",1,,,2400000
3910,"Anillo de matrimonio hombre estilo COMFORT FIT",1,,,2300000
3911,"Anillo de matrimonio hombre estilo COMFORT FIT",1,,,2400000
3912,"Anillo de matrimonio hombre estilo COMFORT FIT",1,,,2300000
3913,"Anillo de matrimonio hombre estilo COMFORT FIT",1,,,2500000
3914,"Anillo de matrimonio hombre estilo COMFORT FIT",1,,,2400000
3915,"Anillo de matrimonio hombre estilo COMFORT FIT",1,,,2500000
3916,"Anillo de matrimonio hombre estilo COMFORT FIT",1,,,2400000
3917,"Anillo de matrimonio hombre estilo COMFORT FIT",1,,,2500000
3918,"Anillo de matrimonio hombre estilo COMFORT FIT",1,,,2400000
3919,"Anillo de matrimonio hombre estilo COMFORT FIT",1,,,2500000
3920,"Anillo de matrimonio hombre estilo COMFORT FIT",1,,,2400000
3921,"Anillo de matrimonio hombre estilo COMFORT FIT",1,,,2500000
3922,"Anillo de matrimonio hombre estilo COMFORT FIT",1,,,2400000
3923,"Anillo de matrimonio hombre estilo COMFORT FIT",1,,,2500000
3924,"Anillo de matrimonio hombre estilo COMFORT FIT",1,,,2400000
3925,"Anillo de matrimonio hombre estilo COMFORT FIT",1,,,2500000
3926,"Anillo de matrimonio hombre estilo COMFORT FIT",1,,,2400000
3927,"Anillo de matrimonio hombre estilo COMFORT FIT",1,,,2500000
3928,"Anillo de matrimonio hombre estilo COMFORT FIT",1,,,2400000
3929,"Anillo de matrimonio hombre estilo COMFORT FIT",1,,,2500000
3930,"Anillo de matrimonio hombre estilo COMFORT FIT",1,,,2400000
3931,"Anillo de matrimonio hombre en oro amarillo o blanco estilo D-SHAPED2",1,"Anillo de matrimonio hombre en oro amarillo o blanco estilo D-SHAPED2\n\nConoce nuestro oro: <a href=""https://ewajoyeria.com/index.php/oro-responsable/"">ORO RESPONSABLE</a>\n\n&nbsp;\n\nHecho en Colombia, materiales alta calidad y garantía mantenimiento.","Anillo de matrimonio hombre en oro amarillo o blanco estilo D-SHAPED2\n\n0.10ct de diamante\n\nColor de diamante H-I\n\nPrimero, Hecho en Colombia con materiales de alta calidad.\n\nConoce nuestro oro: <a href=""https://ewajoyeria.com/index.php/oro-responsable/"">ORO RESPONSABLE</a>\n\nGarantía de por vida para mantenimiento y limpieza.\n\n¿No sabe la medida de su anillo?, con su celular de clic en este link y siga está guía (en inglés) <a href=""https://ringsizer.moonmagic.com/"">https://ringsizer.moonmagic.com/ </a>\n\nPolítica de devoluciones:\n\nAdemás, si no está completamente satisfecho con su anillo de oro, aceptamos devoluciones dentro de los 30 días posteriores a la compra. El anillo debe estar en su estado original y sin usar. Para procesar una devolución, comuníquese con nuestro servicio al cliente para obtener más información sobre el proceso de devolución y el reembolso. Tenga en cuenta que los gastos de envío no son reembolsables. ver más detalles aquí.",
3932,"Anillo de matrimonio hombre en oro amarillo o blanco estilo D-SHAPED2",1,,,2900000
3933,"Anillo de matrimonio hombre en oro amarillo o blanco estilo D-SHAPED2",1,,,2800000
3934,"Anillo de matrimonio hombre en oro amarillo o blanco estilo D-SHAPED2",1,,,2900000
3935,"Anillo de matrimonio hombre en oro amarillo o blanco estilo D-SHAPED2",1,,,2800000
3936,"Anillo de matrimonio hombre en oro amarillo o blanco estilo D-SHAPED2",1,,,2900000
3937,"Anillo de matrimonio hombre en oro amarillo o blanco estilo D-SHAPED2",1,,,2800000
3938,"Anillo de matrimonio hombre en oro amarillo o blanco estilo D-SHAPED2",1,,,2900000
3939,"Anillo de matrimonio hombre en oro amarillo o blanco estilo D-SHAPED2",1,,,2800000
3940,"Anillo de matrimonio hombre en oro amarillo o blanco estilo D-SHAPED2",1,,,2900000
3941,"Anillo de matrimonio hombre en oro amarillo o blanco estilo D-SHAPED2",1,,,2800000
3942,"Anillo de matrimonio hombre en oro amarillo o blanco estilo D-SHAPED2",1,,,2900000
3943,"Anillo de matrimonio hombre en oro amarillo o blanco estilo D-SHAPED2",1,,,2800000
3944,"Anillo de matrimonio hombre en oro amarillo o blanco estilo D-SHAPED2",1,,,2900000
3945,"Anillo de matrimonio hombre en oro amarillo o blanco estilo D-SHAPED2",1,,,2800000
3946,"Anillo de matrimonio hombre en oro amarillo o blanco estilo D-SHAPED2",1,,,2900000
3947,"Anillo de matrimonio hombre en oro amarillo o blanco estilo D-SHAPED2",1,,,2800000
3948,"Anillo de matrimonio hombre en oro amarillo o blanco estilo D-SHAPED2",1,,,2900000
3949,"Anillo de matrimonio hombre en oro amarillo o blanco estilo D-SHAPED2",1,,,2800000
3950,"Anillo de matrimonio hombre en oro amarillo o blanco estilo D-SHAPED2",1,,,2900000
3951,"Anillo de matrimonio hombre en oro amarillo o blanco estilo D-SHAPED2",1,,,2800000
3952,"Anillo de matrimonio hombre en oro amarillo o blanco estilo D-SHAPED2",1,,,2900000
3953,"Anillo de matrimonio hombre en oro amarillo o blanco estilo D-SHAPED2",1,,,2800000
3954,"Anillo de matrimonio hombre en oro amarillo o blanco estilo D-SHAPED2",1,,,2900000
3955,"Anillo de matrimonio hombre en oro amarillo o blanco estilo D-SHAPED2",1,,,2800000
3956,"Anillo de matrimonio hombre en oro amarillo o blanco estilo D-SHAPED2",1,,,2900000
3957,"Anillo de matrimonio hombre en oro amarillo o blanco estilo D-SHAPED2",1,,,2800000
3958,"Anillo de matrimonio hombre en oro amarillo o blanco estilo D-SHAPED2",1,,,2900000
3959,"Anillo de matrimonio hombre en oro amarillo o blanco estilo D-SHAPED2",1,,,2800000
3960,"Anillo de matrimonio hombre en oro amarillo o blanco estilo D-SHAPED2",1,,,2900000
3961,"Anillo de matrimonio hombre en oro amarillo o blanco estilo D-SHAPED2",1,,,2800000
3962,"Anillo de matrimonio hombre en oro amarillo o blanco estilo D-SHAPED2",1,,,3100000
3963,"Anillo de matrimonio hombre en oro amarillo o blanco estilo D-SHAPED2",1,,,3000000
3964,"Anillo de matrimonio hombre en oro amarillo o blanco estilo D-SHAPED2",1,,,3100000
3965,"Anillo de matrimonio hombre en oro amarillo o blanco estilo D-SHAPED2",1,,,3000000
3966,"Anillo de matrimonio hombre en oro amarillo o blanco estilo D-SHAPED2",1,,,3100000
3967,"Anillo de matrimonio hombre en oro amarillo o blanco estilo D-SHAPED2",1,,,3000000
3968,"Anillo de matrimonio hombre en oro amarillo o blanco estilo D-SHAPED2",1,,,3100000
3969,"Anillo de matrimonio hombre en oro amarillo o blanco estilo D-SHAPED2",1,,,3000000
3973,"Anillo de matrimonio hombre en oro amarillo o blanco estilo ALTERNATIVO",1,"Anillo de matrimonio hombre en oro amarillo o blanco estilo ALTERNATIVO\n\n0.10ct de diamante\n\nColor de diamante H-I\n\nConoce nuestro oro: <a href=""https://ewajoyeria.com/index.php/oro-responsable/"">ORO RESPONSABLE</a>\n\nHecho en Colombia, materiales alta calidad y garantía mantenimiento.","Anillo de matrimonio hombre en oro amarillo o blanco estilo D-SHAPED2\n\n0.10ct de diamante\n\nColor de diamante H-I\n\nPrimero, Hecho en Colombia con materiales de alta calidad.\n\nConoce nuestro oro: <a href=""https://ewajoyeria.com/index.php/oro-responsable/"">ORO RESPONSABLE</a>\n\nGarantía de por vida para mantenimiento y limpieza.\n\n¿No sabe la medida de su anillo?, con su celular de clic en este link y siga está guía (en inglés) <a href=""https://ringsizer.moonmagic.com/"">https://ringsizer.moonmagic.com/ </a>\n\nPolítica de devoluciones:\n\nAdemás, si no está completamente satisfecho con su anillo de oro, aceptamos devoluciones dentro de los 30 días posteriores a la compra. El anillo debe estar en su estado original y sin usar. Para procesar una devolución, comuníquese con nuestro servicio al cliente para obtener más información sobre el proceso de devolución y el reembolso. Tenga en cuenta que los gastos de envío no son reembolsables. ver más detalles aquí.",
3974,"Anillo de matrimonio hombre en oro amarillo o blanco estilo ALTERNATIVO",1,,,2900000
3975,"Anillo de matrimonio hombre en oro amarillo o blanco estilo ALTERNATIVO",1,,,2800000
3976,"Anillo de matrimonio hombre en oro amarillo o blanco estilo ALTERNATIVO",1,,,2900000
3977,"Anillo de matrimonio hombre en oro amarillo o blanco estilo ALTERNATIVO",1,,,2800000
3978,"Anillo de matrimonio hombre en oro amarillo o blanco estilo ALTERNATIVO",1,,,2900000
3979,"Anillo de matrimonio hombre en oro amarillo o blanco estilo ALTERNATIVO",1,,,2800000
3980,"Anillo de matrimonio hombre en oro amarillo o blanco estilo ALTERNATIVO",1,,,2900000
3981,"Anillo de matrimonio hombre en oro amarillo o blanco estilo ALTERNATIVO",1,,,2800000
3982,"Anillo de matrimonio hombre en oro amarillo o blanco estilo ALTERNATIVO",1,,,2900000
3983,"Anillo de matrimonio hombre en oro amarillo o blanco estilo ALTERNATIVO",1,,,2800000
3984,"Anillo de matrimonio hombre en oro amarillo o blanco estilo ALTERNATIVO",1,,,2900000
3985,"Anillo de matrimonio hombre en oro amarillo o blanco estilo ALTERNATIVO",1,,,2800000
3986,"Anillo de matrimonio hombre en oro amarillo o blanco estilo ALTERNATIVO",1,,,2900000
3987,"Anillo de matrimonio hombre en oro amarillo o blanco estilo ALTERNATIVO",1,,,2800000
3988,"Anillo de matrimonio hombre en oro amarillo o blanco estilo ALTERNATIVO",1,,,2900000
3989,"Anillo de matrimonio hombre en oro amarillo o blanco estilo ALTERNATIVO",1,,,2800000
3990,"Anillo de matrimonio hombre en oro amarillo o blanco estilo ALTERNATIVO",1,,,2900000
3991,"Anillo de matrimonio hombre en oro amarillo o blanco estilo ALTERNATIVO",1,,,2800000
3992,"Anillo de matrimonio hombre en oro amarillo o blanco estilo ALTERNATIVO",1,,,2900000
3993,"Anillo de matrimonio hombre en oro amarillo o blanco estilo ALTERNATIVO",1,,,2800000
3994,"Anillo de matrimonio hombre en oro amarillo o blanco estilo ALTERNATIVO",1,,,2900000
3995,"Anillo de matrimonio hombre en oro amarillo o blanco estilo ALTERNATIVO",1,,,2800000
3996,"Anillo de matrimonio hombre en oro amarillo o blanco estilo ALTERNATIVO",1,,,2900000
3997,"Anillo de matrimonio hombre en oro amarillo o blanco estilo ALTERNATIVO",1,,,2800000
3998,"Anillo de matrimonio hombre en oro amarillo o blanco estilo ALTERNATIVO",1,,,2900000
3999,"Anillo de matrimonio hombre en oro amarillo o blanco estilo ALTERNATIVO",1,,,2800000
4000,"Anillo de matrimonio hombre en oro amarillo o blanco estilo ALTERNATIVO",1,,,2900000
4001,"Anillo de matrimonio hombre en oro amarillo o blanco estilo ALTERNATIVO",1,,,2800000
4002,"Anillo de matrimonio hombre en oro amarillo o blanco estilo ALTERNATIVO",1,,,2900000
4003,"Anillo de matrimonio hombre en oro amarillo o blanco estilo ALTERNATIVO",1,,,2800000
4004,"Anillo de matrimonio hombre en oro amarillo o blanco estilo ALTERNATIVO",1,,,3100000
4005,"Anillo de matrimonio hombre en oro amarillo o blanco estilo ALTERNATIVO",1,,,3000000
4006,"Anillo de matrimonio hombre en oro amarillo o blanco estilo ALTERNATIVO",1,,,3100000
4007,"Anillo de matrimonio hombre en oro amarillo o blanco estilo ALTERNATIVO",1,,,3000000
4008,"Anillo de matrimonio hombre en oro amarillo o blanco estilo ALTERNATIVO",1,,,3100000
4009,"Anillo de matrimonio hombre en oro amarillo o blanco estilo ALTERNATIVO",1,,,3000000
4010,"Anillo de matrimonio hombre en oro amarillo o blanco estilo ALTERNATIVO",1,,,3100000
4011,"Anillo de matrimonio hombre en oro amarillo o blanco estilo ALTERNATIVO",1,,,3000000
4021,"Anillo de matrimonio hombre estilo ALTERNATIVO2",1,"Anillo de matrimonio hombre estilo ALTERNATIVO2\n\nHecho en Colombia con materiales de alta calidad.\n\nConoce nuestro oro: <a href=""https://ewajoyeria.com/index.php/oro-responsable/"">ORO RESPONSABLE</a>\n\nHecho en Colombia, materiales alta calidad y garantía mantenimiento.","Anillo de matrimonio hombre estilo ALTERNATIVO2\n\nHecho en Colombia con materiales de alta calidad.\n\nConoce nuestro oro: <a href=""https://ewajoyeria.com/index.php/oro-responsable/"">ORO RESPONSABLE</a>\n\nGarantía de por vida para mantenimiento y limpieza.\n\n¿No sabe la medida de su anillo?, con su celular de clic en este link y siga está guía (en inglés) <a href=""https://ringsizer.moonmagic.com/"">https://ringsizer.moonmagic.com/ </a>\n\nPolítica de devoluciones:\n\nSi no está completamente satisfecho con su anillo de oro, aceptamos devoluciones dentro de los 30 días posteriores a la compra. El anillo debe estar en su estado original y sin usar. Para procesar una devolución, comuníquese con nuestro servicio al cliente para obtener más información sobre el proceso de devolución y el reembolso. Tenga en cuenta que los gastos de envío no son reembolsables. ver más detalles aquí.",
4022,"Anillo de matrimonio hombre estilo ALTERNATIVO2",1,,,2400000
4023,"Anillo de matrimonio hombre estilo ALTERNATIVO2",1,,,2300000
4024,"Anillo de matrimonio hombre estilo ALTERNATIVO2",1,,,2400000
4025,"Anillo de matrimonio hombre estilo ALTERNATIVO2",1,,,2300000
4026,"Anillo de matrimonio hombre estilo ALTERNATIVO2",1,,,2400000
4027,"Anillo de matrimonio hombre estilo ALTERNATIVO2",1,,,2300000
4028,"Anillo de matrimonio hombre estilo ALTERNATIVO2",1,,,2400000
4029,"Anillo de matrimonio hombre estilo ALTERNATIVO2",1,,,2300000
4030,"Anillo de matrimonio hombre estilo ALTERNATIVO2",1,,,2400000
4031,"Anillo de matrimonio hombre estilo ALTERNATIVO2",1,,,2300000
4032,"Anillo de matrimonio hombre estilo ALTERNATIVO2",1,,,2400000
4033,"Anillo de matrimonio hombre estilo ALTERNATIVO2",1,,,2300000
4034,"Anillo de matrimonio hombre estilo ALTERNATIVO2",1,,,2400000
4035,"Anillo de matrimonio hombre estilo ALTERNATIVO2",1,,,2300000
4036,"Anillo de matrimonio hombre estilo ALTERNATIVO2",1,,,2400000
4037,"Anillo de matrimonio hombre estilo ALTERNATIVO2",1,,,2300000
4038,"Anillo de matrimonio hombre estilo ALTERNATIVO2",1,,,2400000
4039,"Anillo de matrimonio hombre estilo ALTERNATIVO2",1,,,2300000
4040,"Anillo de matrimonio hombre estilo ALTERNATIVO2",1,,,2400000
4041,"Anillo de matrimonio hombre estilo ALTERNATIVO2",1,,,2300000
4042,"Anillo de matrimonio hombre estilo ALTERNATIVO2",1,,,2500000
4043,"Anillo de matrimonio hombre estilo ALTERNATIVO2",1,,,2400000
4044,"Anillo de matrimonio hombre estilo ALTERNATIVO2",1,,,2500000
4045,"Anillo de matrimonio hombre estilo ALTERNATIVO2",1,,,2400000
4046,"Anillo de matrimonio hombre estilo ALTERNATIVO2",1,,,2500000
4047,"Anillo de matrimonio hombre estilo ALTERNATIVO2",1,,,2400000
4048,"Anillo de matrimonio hombre estilo ALTERNATIVO2",1,,,2500000
4049,"Anillo de matrimonio hombre estilo ALTERNATIVO2",1,,,2400000
4050,"Anillo de matrimonio hombre estilo ALTERNATIVO2",1,,,2500000
4051,"Anillo de matrimonio hombre estilo ALTERNATIVO2",1,,,2400000
4052,"Anillo de matrimonio hombre estilo ALTERNATIVO2",1,,,2500000
4053,"Anillo de matrimonio hombre estilo ALTERNATIVO2",1,,,2400000
4054,"Anillo de matrimonio hombre estilo ALTERNATIVO2",1,,,2500000
4055,"Anillo de matrimonio hombre estilo ALTERNATIVO2",1,,,2400000
4056,"Anillo de matrimonio hombre estilo ALTERNATIVO2",1,,,2500000
4057,"Anillo de matrimonio hombre estilo ALTERNATIVO2",1,,,2400000
4058,"Anillo de matrimonio hombre estilo ALTERNATIVO2",1,,,2500000
4059,"Anillo de matrimonio hombre estilo ALTERNATIVO2",1,,,2400000
4064,"Cadena con perla dije corazón con diamantes",1,"Cadena con Perla natural y dije de corazón con diamantes\n\n0.17ct de diamante en total\n\nColor de perla: BLANCO\n\nConoce nuestro oro: <a href=""https://ewajoyeria.com/index.php/oro-responsable/"">ORO RESPONSABLE</a>\n\nHecho en Colombia, materiales alta calidad y garantía mantenimiento.","Cadena con Perla natural y dije de corazón con diamantes\n\n0.17ct de diamante en total\n\nColor de perla: BLANCO\n\nHecho en Colombia con materiales de alta calidad.\n\nConoce nuestro oro: <a href=""https://ewajoyeria.com/index.php/oro-responsable/"">ORO RESPONSABLE</a>\n\nGarantía de por vida para mantenimiento y limpieza.\n\n¿No sabe la medida de su anillo?, con su celular de clic en este link y siga está guía (en inglés) <a href=""https://ringsizer.moonmagic.com/"">https://ringsizer.moonmagic.com/ </a>\n\nPolítica de devoluciones:\n\nAdemás, si no está completamente satisfecho con su anillo de oro, aceptamos devoluciones dentro de los 30 días posteriores a la compra. El anillo debe estar en su estado original y sin usar. Para procesar una devolución, comuníquese con nuestro servicio al cliente para obtener más información sobre el proceso de devolución y el reembolso. Tenga en cuenta que los gastos de envío no son reembolsables. ver más detalles aquí.",
4065,"Cadena con perla dije corazón con diamantes",1,,,2900000
4066,"Cadena con perla dije corazón con diamantes",1,,,2800000
4067,"Cadena con perla dije corazón con diamantes",1,,,2900000
4068,"Cadena con perla dije corazón con diamantes",1,,,2800000
4069,"Cadena con perla dije corazón con diamantes",1,,,2900000
4070,"Cadena con perla dije corazón con diamantes",1,,,2800000
4071,"Cadena con perla dije corazón con diamantes",1,,,2900000
4072,"Cadena con perla dije corazón con diamantes",1,,,2800000
4073,"Cadena con perla dije corazón con diamantes",1,,,2900000
4074,"Cadena con perla dije corazón con diamantes",1,,,2800000
4075,"Cadena con perla dije corazón con diamantes",1,,,2900000
4076,"Cadena con perla dije corazón con diamantes",1,,,2800000
4077,"Cadena con perla dije corazón con diamantes",1,,,2900000
4078,"Cadena con perla dije corazón con diamantes",1,,,2800000
4079,"Cadena con perla dije corazón con diamantes",1,,,2900000
4080,"Cadena con perla dije corazón con diamantes",1,,,2800000
4081,"Cadena con perla dije corazón con diamantes",1,,,2900000
4082,"Cadena con perla dije corazón con diamantes",1,,,2800000
4083,"Cadena con perla dije corazón con diamantes",1,,,2900000
4084,"Cadena con perla dije corazón con diamantes",1,,,2800000
4085,"Cadena con perla dije corazón con diamantes",1,,,2900000
4086,"Cadena con perla dije corazón con diamantes",1,,,2800000
4087,"Cadena con perla dije corazón con diamantes",1,,,2900000
4088,"Cadena con perla dije corazón con diamantes",1,,,2800000
4089,"Cadena con perla dije corazón con diamantes",1,,,2900000
4090,"Cadena con perla dije corazón con diamantes",1,,,2800000
4091,"Cadena con perla dije corazón con diamantes",1,,,2900000
4092,"Cadena con perla dije corazón con diamantes",1,,,2800000
4093,"Cadena con perla dije corazón con diamantes",1,,,2900000
4094,"Cadena con perla dije corazón con diamantes",1,,,2800000
4095,"Cadena con perla dije corazón con diamantes",1,,,3100000
4096,"Cadena con perla dije corazón con diamantes",1,,,3000000
4097,"Cadena con perla dije corazón con diamantes",1,,,3100000
4098,"Cadena con perla dije corazón con diamantes",1,,,3000000
4099,"Cadena con perla dije corazón con diamantes",1,,,3100000
4100,"Cadena con perla dije corazón con diamantes",1,,,3000000
4101,"Cadena con perla dije corazón con diamantes",1,,,3100000
4102,"Cadena con perla dije corazón con diamantes",1,,,3000000
4116,"Cadena con perla dije FORMA LIBRE",1,"Cadena con Perla natural y dije de corazón con diamantes\n\n0.10ct de diamante en total\n\n8mm tamaño de la perla\n\nColor de perla: BLANCO\n\nConoce nuestro oro: <a href=""https://ewajoyeria.com/index.php/oro-responsable/"">ORO RESPONSABLE</a>\n\nHecho en Colombia, materiales alta calidad y garantía mantenimiento.","Cadena con Perla natural y dije con diamantes forma libre\n\n0.10ct de diamante en total\n\n8mm tamaño de la perla\n\nColor de perla: BLANCO\n\nHecho en Colombia con materiales de alta calidad.\n\nConoce nuestro oro: <a href=""https://ewajoyeria.com/index.php/oro-responsable/"">ORO RESPONSABLE</a>\n\nGarantía de por vida para mantenimiento y limpieza.\n\n¿No sabe la medida de su anillo?, con su celular de clic en este link y siga está guía (en inglés) <a href=""https://ringsizer.moonmagic.com/"">https://ringsizer.moonmagic.com/ </a>\n\nPolítica de devoluciones:\n\nAdemás, si no está completamente satisfecho con su anillo de oro, aceptamos devoluciones dentro de los 30 días posteriores a la compra. El anillo debe estar en su estado original y sin usar. Para procesar una devolución, comuníquese con nuestro servicio al cliente para obtener más información sobre el proceso de devolución y el reembolso. Tenga en cuenta que los gastos de envío no son reembolsables. ver más detalles aquí.",
4196,"Cadena con perla dije FORMA LIBRE - Única",1,,,1300000
4200,"Cadena con perla negra dije con diamantes",1,"Cadena con Perla natural y dije de corazón con diamantes\n\n0.10ct de diamante en total\n\n8mm tamaño de la perla\n\nColor de perla: NEGRO\n\nConoce nuestro oro: <a href=""https://ewajoyeria.com/index.php/oro-responsable/"">ORO RESPONSABLE</a>\n\nHecho en Colombia, materiales alta calidad y garantía mantenimiento.","Cadena con Perla natural color NEGRO y dije con diamantes\n\n0.10ct de diamante en total\n\n8mm tamaño de la perla\n\nColor de perla: NEGRO\n\nHecho en Colombia con materiales de alta calidad.\n\nConoce nuestro oro: <a href=""https://ewajoyeria.com/index.php/oro-responsable/"">ORO RESPONSABLE</a>\n\nGarantía de por vida para mantenimiento y limpieza.\n\n¿No sabe la medida de su anillo?, con su celular de clic en este link y siga está guía (en inglés) <a href=""https://ringsizer.moonmagic.com/"">https://ringsizer.moonmagic.com/ </a>\n\nPolítica de devoluciones:\n\nAdemás, si no está completamente satisfecho con su anillo de oro, aceptamos devoluciones dentro de los 30 días posteriores a la compra. El anillo debe estar en su estado original y sin usar. Para procesar una devolución, comuníquese con nuestro servicio al cliente para obtener más información sobre el proceso de devolución y el reembolso. Tenga en cuenta que los gastos de envío no son reembolsables. ver más detalles aquí.",
4201,"Cadena con perla negra dije con diamantes - Única",1,,,2000000
4456,"Anillo en oro amarillo con diamantes ajuste DOBLE GARRA 2",1,"Anillo de matrimonio hombre estilo ALTERNATIVO2\n\nHecho en Colombia con materiales de alta calidad.\n\nConoce nuestro oro: <a href=""https://ewajoyeria.com/index.php/oro-responsable/"">ORO RESPONSABLE</a>\n\nHecho en Colombia, materiales alta calidad y garantía mantenimiento.","Anillo en oro amarillo con diamantes ESCALOPA 3\n\n0.8 ct de diamante en total\n\nCOLOR DE DIAMANTE I-H\n\n<a style=""font-size: 16px; background-color: #ffffff;"" href=""https://ewajoyeria.com/index.php/2024/03/28/color-y-quilates-de-los-diamantes-utilizados-en-ewa-joyeria/"">¿Qué significa esto?</a>\n\nHecho en Colombia con materiales de alta calidad.\n\nConoce nuestro oro: <a href=""https://ewajoyeria.com/index.php/oro-responsable/"">ORO RESPONSABLE</a>\n\nGarantía de por vida para mantenimiento y limpieza.\n\n¿No sabe la medida de su anillo?, con su celular de clic en este link y siga está guía (en inglés) <a href=""https://ringsizer.moonmagic.com/"">https://ringsizer.moonmagic.com/ </a>\n\nPolítica de devoluciones:\n\nSi no está completamente satisfecho con su anillo de oro, aceptamos devoluciones dentro de los 30 días posteriores a la compra. El anillo debe estar en su estado original y sin usar. Para procesar una devolución, comuníquese con nuestro servicio al cliente para obtener más información sobre el proceso de devolución y el reembolso. Tenga en cuenta que los gastos de envío no son reembolsables. ver más detalles aquí.",
4538,"Anillo en oro amarillo con diamantes ajuste DOBLE GARRA 2 - 4.0",1,,,1650000
4539,"Anillo en oro amarillo con diamantes ajuste DOBLE GARRA 2 - 4.3",1,,,1650000
4540,"Anillo en oro amarillo con diamantes ajuste DOBLE GARRA 2 - 4.5",1,,,1650000
4541,"Anillo en oro amarillo con diamantes ajuste DOBLE GARRA 2 - 5.0",1,,,1650000
4542,"Anillo en oro amarillo con diamantes ajuste DOBLE GARRA 2 - 5.3",1,,,1650000
4543,"Anillo en oro amarillo con diamantes ajuste DOBLE GARRA 2 - 5.5",1,,,1650000
4544,"Anillo en oro amarillo con diamantes ajuste DOBLE GARRA 2 - 6.0",1,,,1650000
4545,"Anillo en oro amarillo con diamantes ajuste DOBLE GARRA 2 - 6.3",1,,,1650000
4546,"Anillo en oro amarillo con diamantes ajuste DOBLE GARRA 2 - 6.5",1,,,1650000
4547,"Anillo en oro amarillo con diamantes ajuste DOBLE GARRA 2 - 7.0",1,,,1750000
4548,"Anillo en oro amarillo con diamantes ajuste DOBLE GARRA 2 - 7.3",1,,,1750000
4549,"Anillo en oro amarillo con diamantes ajuste DOBLE GARRA 2 - 7.5",1,,,1750000
4550,"Anillo en oro amarillo con diamantes ajuste DOBLE GARRA 2 - 8.0",1,,,1750000
4551,"Anillo en oro amarillo con diamantes ajuste DOBLE GARRA 2 - 8.3",1,,,1750000
4552,"Anillo en oro amarillo con diamantes ajuste DOBLE GARRA 2 - 8.5",1,,,1750000
4553,"Anillo en oro amarillo con diamantes ajuste DOBLE GARRA 2 - 9.0",1,,,1750000
4554,"Anillo en oro amarillo con diamantes ajuste DOBLE GARRA 2 - 9.3",1,,,1750000
4555,"Anillo en oro amarillo con diamantes ajuste DOBLE GARRA 2 - 9.5",1,,,1750000
4556,"Anillo en oro amarillo con diamantes ajuste DOBLE GARRA 2 - 10.0",1,,,1750000
4610,"Anillo en oro amarillo con diamantes ESCALOPA 3",1,"Anillo en oro amarillo con diamantes ajuste ESCALOPA 3\n\nHecho en Colombia con materiales de alta calidad.\n\nConoce nuestro oro: <a href=""https://ewajoyeria.com/index.php/oro-responsable/"">ORO RESPONSABLE</a>\n\nHecho en Colombia, materiales alta calidad y garantía mantenimiento.","Anillo en oro amarillo con diamantes ajuste ESCALOPA 3\n\n0.30 ct de diamante en total\n\nCOLOR DE DIAMANTE I-H\n\n<a style=""font-size: 16px; background-color: #ffffff;"" href=""https://ewajoyeria.com/index.php/2024/03/28/color-y-quilates-de-los-diamantes-utilizados-en-ewa-joyeria/"">¿Qué significa esto?</a>\n\nHecho en Colombia con materiales de alta calidad.\n\nConoce nuestro oro: <a href=""https://ewajoyeria.com/index.php/oro-responsable/"">ORO RESPONSABLE</a>\n\nGarantía de por vida para mantenimiento y limpieza.\n\n¿No sabe la medida de su anillo?, con su celular de clic en este link y siga está guía (en inglés) <a href=""https://ringsizer.moonmagic.com/"">https://ringsizer.moonmagic.com/ </a>\n\nPolítica de devoluciones:\n\nSi no está completamente satisfecho con su anillo de oro, aceptamos devoluciones dentro de los 30 días posteriores a la compra. El anillo debe estar en su estado original y sin usar. Para procesar una devolución, comuníquese con nuestro servicio al cliente para obtener más información sobre el proceso de devolución y el reembolso. Tenga en cuenta que los gastos de envío no son reembolsables. ver más detalles aquí.",
4611,"Anillo en oro amarillo con diamantes ESCALOPA 3 - 4.0",1,,,2250000
4612,"Anillo en oro amarillo con diamantes ESCALOPA 3 - 4.3",1,,,2250000
4613,"Anillo en oro amarillo con diamantes ESCALOPA 3 - 4.5",1,,,2250000
4614,"Anillo en oro amarillo con diamantes ESCALOPA 3 - 5.0",1,,,2250000
4615,"Anillo en oro amarillo con diamantes ESCALOPA 3 - 5.3",1,,,2250000
4616,"Anillo en oro amarillo con diamantes ESCALOPA 3 - 5.5",1,,,2250000
4617,"Anillo en oro amarillo con diamantes ESCALOPA 3 - 6.0",1,,,2250000
4618,"Anillo en oro amarillo con diamantes ESCALOPA 3 - 6.3",1,,,2250000
4619,"Anillo en oro amarillo con diamantes ESCALOPA 3 - 6.5",1,,,2250000
4620,"Anillo en oro amarillo con diamantes ESCALOPA 3 - 7.0",1,,,2350000
4621,"Anillo en oro amarillo con diamantes ESCALOPA 3 - 7.3",1,,,2350000
4622,"Anillo en oro amarillo con diamantes ESCALOPA 3 - 7.5",1,,,2350000
4623,"Anillo en oro amarillo con diamantes ESCALOPA 3 - 8.0",1,,,2350000
4624,"Anillo en oro amarillo con diamantes ESCALOPA 3 - 8.3",1,,,2350000
4625,"Anillo en oro amarillo con diamantes ESCALOPA 3 - 8.5",1,,,2350000
4626,"Anillo en oro amarillo con diamantes ESCALOPA 3 - 9.0",1,,,2350000
4627,"Anillo en oro amarillo con diamantes ESCALOPA 3 - 9.3",1,,,2350000
4628,"Anillo en oro amarillo con diamantes ESCALOPA 3 - 9.5",1,,,2350000
4629,"Anillo en oro amarillo con diamantes ESCALOPA 3 - 10.0",1,,,2350000
4636,"Anillo en oro amarillo con diamantes MAR",1,"Anillo en oro amarillo con diamantes MAR.\n\nHecho en Colombia con materiales de alta calidad.\n\nConoce nuestro oro: <a href=""https://ewajoyeria.com/index.php/oro-responsable/"">ORO RESPONSABLE</a>\n\nHecho en Colombia, materiales alta calidad y garantía mantenimiento.","Anillo en oro amarillo con diamantes ajuste MAR\n\n0.10 ct de diamante en total\n\nCOLOR DE DIAMANTE I-H\n\n<a style=""font-size: 16px; background-color: #ffffff;"" href=""https://ewajoyeria.com/index.php/2024/03/28/color-y-quilates-de-los-diamantes-utilizados-en-ewa-joyeria/"">¿Qué significa esto?</a>\n\nHecho en Colombia con materiales de alta calidad.\n\nConoce nuestro oro: <a href=""https://ewajoyeria.com/index.php/oro-responsable/"">ORO RESPONSABLE</a>\n\nGarantía de por vida para mantenimiento y limpieza.\n\n¿No sabe la medida de su anillo?, con su celular de clic en este link y siga está guía (en inglés) <a href=""https://ringsizer.moonmagic.com/"">https://ringsizer.moonmagic.com/ </a>\n\nPolítica de devoluciones:\n\nSi no está completamente satisfecho con su anillo de oro, aceptamos devoluciones dentro de los 30 días posteriores a la compra. El anillo debe estar en su estado original y sin usar. Para procesar una devolución, comuníquese con nuestro servicio al cliente para obtener más información sobre el proceso de devolución y el reembolso. Tenga en cuenta que los gastos de envío no son reembolsables. ver más detalles aquí.",
4637,"Anillo en oro amarillo con diamantes MAR - 4.0",1,,,1850000
4638,"Anillo en oro amarillo con diamantes MAR - 4.3",1,,,1850000
4639,"Anillo en oro amarillo con diamantes MAR - 4.5",1,,,1850000
4640,"Anillo en oro amarillo con diamantes MAR - 5.0",1,,,1850000
4641,"Anillo en oro amarillo con diamantes MAR - 5.3",1,,,1850000
4642,"Anillo en oro amarillo con diamantes MAR - 5.5",1,,,1850000
4643,"Anillo en oro amarillo con diamantes MAR - 6.0",1,,,1850000
4644,"Anillo en oro amarillo con diamantes MAR - 6.3",1,,,1850000
4645,"Anillo en oro amarillo con diamantes MAR - 6.5",1,,,1850000
4646,"Anillo en oro amarillo con diamantes MAR - 7.0",1,,,1900000
4647,"Anillo en oro amarillo con diamantes MAR - 7.3",1,,,1900000
4648,"Anillo en oro amarillo con diamantes MAR - 7.5",1,,,1900000
4649,"Anillo en oro amarillo con diamantes MAR - 8.0",1,,,1900000
4650,"Anillo en oro amarillo con diamantes MAR - 8.3",1,,,1900000
4651,"Anillo en oro amarillo con diamantes MAR - 8.5",1,,,1900000
4652,"Anillo en oro amarillo con diamantes MAR - 9.0",1,,,1900000
4653,"Anillo en oro amarillo con diamantes MAR - 9.3",1,,,1900000
4654,"Anillo en oro amarillo con diamantes MAR - 9.5",1,,,1900000
4655,"Anillo en oro amarillo con diamantes MAR - 10.0",1,,,1900000
4661,"Anillo en oro amarillo estilo OCTAGON",1,"Anillo en oro amarillo estilo OCTAGON.\n\nHecho en Colombia con materiales de alta calidad.\n\nConoce nuestro oro: <a href=""https://ewajoyeria.com/index.php/oro-responsable/"">ORO RESPONSABLE</a>\n\nHecho en Colombia, materiales alta calidad y garantía mantenimiento.","Anillo en oro amarillo con diamantes estilo OCTAGON\n\nHecho en Colombia con materiales de alta calidad.\n\nConoce nuestro oro: <a href=""https://ewajoyeria.com/index.php/oro-responsable/"">ORO RESPONSABLE</a>\n\nGarantía de por vida para mantenimiento y limpieza.\n\n¿No sabe la medida de su anillo?, con su celular de clic en este link y siga está guía (en inglés) <a href=""https://ringsizer.moonmagic.com/"">https://ringsizer.moonmagic.com/ </a>\n\nPolítica de devoluciones:\n\nSi no está completamente satisfecho con su anillo de oro, aceptamos devoluciones dentro de los 30 días posteriores a la compra. El anillo debe estar en su estado original y sin usar. Para procesar una devolución, comuníquese con nuestro servicio al cliente para obtener más información sobre el proceso de devolución y el reembolso. Tenga en cuenta que los gastos de envío no son reembolsables. ver más detalles aquí.",
4662,"Anillo en oro amarillo estilo OCTAGON - 4.0",1,,,1450000
4663,"Anillo en oro amarillo estilo OCTAGON - 4.3",1,,,1450000
4664,"Anillo en oro amarillo estilo OCTAGON - 4.5",1,,,1450000
4665,"Anillo en oro amarillo estilo OCTAGON - 5.0",1,,,1450000
4666,"Anillo en oro amarillo estilo OCTAGON - 5.3",1,,,1450000
4667,"Anillo en oro amarillo estilo OCTAGON - 5.5",1,,,1450000
4668,"Anillo en oro amarillo estilo OCTAGON - 6.0",1,,,1550000
4669,"Anillo en oro amarillo estilo OCTAGON - 6.3",1,,,1550000
4670,"Anillo en oro amarillo estilo OCTAGON - 6.5",1,,,1550000
4671,"Anillo en oro amarillo estilo OCTAGON - 7.0",1,,,1550000
4672,"Anillo en oro amarillo estilo OCTAGON - 7.3",1,,,1550000
4673,"Anillo en oro amarillo estilo OCTAGON - 7.5",1,,,1550000
4674,"Anillo en oro amarillo estilo OCTAGON - 8.0",1,,,1550000
4675,"Anillo en oro amarillo estilo OCTAGON - 8.3",1,,,1550000
4676,"Anillo en oro amarillo estilo OCTAGON - 8.5",1,,,1550000
4677,"Anillo en oro amarillo estilo OCTAGON - 9.0",1,,,1550000
4678,"Anillo en oro amarillo estilo OCTAGON - 9.3",1,,,1550000
4679,"Anillo en oro amarillo estilo OCTAGON - 9.5",1,,,1550000
4680,"Anillo en oro amarillo estilo OCTAGON - 10.0",1,,,1550000
4715,"Anillo en oro amarillo con diamantes estilo ZAFIRO",1,"Anillo de regalo para mujer en oro amarillo con diamantes estilo ZAFIRO.\n\nDescubre el primer diseño de EWA joyería con un zafiro natural cerficado.\n\nPiedra de 0.80 quilates\n\nDiamantes de adorno 0.30\n\nCOLOR DE DIAMANTE I-H\n\n<a style=""font-size: 16px; background-color: #ffffff;"" href=""https://ewajoyeria.com/index.php/2024/03/28/color-y-quilates-de-los-diamantes-utilizados-en-ewa-joyeria/"">¿Qué significa esto?</a>\n\nHecho en Colombia, materiales alta calidad y garantía mantenimiento.\n\nConoce nuestro oro: <a href=""https://ewajoyeria.com/index.php/oro-responsable/"">ORO RESPONSABLE</a>\n\n&nbsp;\n\nTodos nuestros productos son fabricados por un artesano experto","Anillo en oro amarillo con diamantes estilo ZAFIRO\n\nZAFIRO natural certificado (0.80 quilates)\n\n0.30 quilates de diamante de adorno\n\nCOLOR DE DIAMANTE I-H\n\n<a style=""font-size: 16px; background-color: #ffffff;"" href=""https://ewajoyeria.com/index.php/2024/03/28/color-y-quilates-de-los-diamantes-utilizados-en-ewa-joyeria/"">¿Qué significa esto?</a>\n\nHecho en Colombia con materiales de alta calidad.\n\nConoce nuestro oro: <a href=""https://ewajoyeria.com/index.php/oro-responsable/"">ORO RESPONSABLE</a>\n\nGarantía de por vida para mantenimiento y limpieza.\n\n¿No sabe la medida de su anillo?, con su celular de clic en este link y siga está guía (en inglés) <a href=""https://ringsizer.moonmagic.com/"">https://ringsizer.moonmagic.com/ </a>\n\nPolítica de devoluciones:\n\nSi no está completamente satisfecho con su anillo de oro, aceptamos devoluciones dentro de los 30 días posteriores a la compra. El anillo debe estar en su estado original y sin usar. Para procesar una devolución, comuníquese con nuestro servicio al cliente para obtener más información sobre el proceso de devolución y el reembolso. Tenga en cuenta que los gastos de envío no son reembolsables. ver más detalles aquí.",
4716,"Anillo en oro amarillo con diamantes estilo ZAFIRO - 4.0",1,,,3500000
4717,"Anillo en oro amarillo con diamantes estilo ZAFIRO - 4.3",1,,,3500000
4718,"Anillo en oro amarillo con diamantes estilo ZAFIRO - 4.5",1,,,3500000
4719,"Anillo en oro amarillo con diamantes estilo ZAFIRO - 5.0",1,,,3500000
4720,"Anillo en oro amarillo con diamantes estilo ZAFIRO - 5.3",1,,,3500000
4721,"Anillo en oro amarillo con diamantes estilo ZAFIRO - 5.5",1,,,3500000
4722,"Anillo en oro amarillo con diamantes estilo ZAFIRO - 6.0",1,,,3600000
4723,"Anillo en oro amarillo con diamantes estilo ZAFIRO - 6.3",1,,,3600000
4724,"Anillo en oro amarillo con diamantes estilo ZAFIRO - 6.5",1,,,3600000
4725,"Anillo en oro amarillo con diamantes estilo ZAFIRO - 7.0",1,,,3600000
4726,"Anillo en oro amarillo con diamantes estilo ZAFIRO - 7.3",1,,,3600000
4727,"Anillo en oro amarillo con diamantes estilo ZAFIRO - 7.5",1,,,3600000
4728,"Anillo en oro amarillo con diamantes estilo ZAFIRO - 8.0",1,,,3600000
4729,"Anillo en oro amarillo con diamantes estilo ZAFIRO - 8.3",1,,,3600000
4730,"Anillo en oro amarillo con diamantes estilo ZAFIRO - 8.5",1,,,3600000
4731,"Anillo en oro amarillo con diamantes estilo ZAFIRO - 9.0",1,,,3600000
4732,"Anillo en oro amarillo con diamantes estilo ZAFIRO - 9.3",1,,,3600000
4733,"Anillo en oro amarillo con diamantes estilo ZAFIRO - 9.5",1,,,3600000
4734,"Anillo en oro amarillo con diamantes estilo ZAFIRO - 10.0",1,,,3600000
4781,"Anillo en oro amarillo estilo OCTAGON (Copy)",'-1,"Anillo en oro amarillo estilo OCTAGON.\n\nHecho en Colombia con materiales de alta calidad.\n\nConoce nuestro oro: <a href=""https://ewajoyeria.com/index.php/oro-responsable/"">ORO RESPONSABLE</a>\n\nHecho en Colombia, materiales alta calidad y garantía mantenimiento.","Anillo en oro amarillo con diamantes estilo OCTAGON\n\nHecho en Colombia con materiales de alta calidad.\n\nConoce nuestro oro: <a href=""https://ewajoyeria.com/index.php/oro-responsable/"">ORO RESPONSABLE</a>\n\nGarantía de por vida para mantenimiento y limpieza.\n\n¿No sabe la medida de su anillo?, con su celular de clic en este link y siga está guía (en inglés) <a href=""https://ringsizer.moonmagic.com/"">https://ringsizer.moonmagic.com/ </a>\n\nPolítica de devoluciones:\n\nSi no está completamente satisfecho con su anillo de oro, aceptamos devoluciones dentro de los 30 días posteriores a la compra. El anillo debe estar en su estado original y sin usar. Para procesar una devolución, comuníquese con nuestro servicio al cliente para obtener más información sobre el proceso de devolución y el reembolso. Tenga en cuenta que los gastos de envío no son reembolsables. ver más detalles aquí.",
4782,"Anillo en oro amarillo estilo OCTAGON (Copy) - 4.0",'-1,,,1450000
4783,"Anillo en oro amarillo estilo OCTAGON (Copy) - 4.3",'-1,,,1450000
4784,"Anillo en oro amarillo estilo OCTAGON (Copy) - 4.5",'-1,,,1450000
4785,"Anillo en oro amarillo estilo OCTAGON (Copy) - 5.0",'-1,,,1450000
4786,"Anillo en oro amarillo estilo OCTAGON (Copy) - 5.3",'-1,,,1450000
4787,"Anillo en oro amarillo estilo OCTAGON (Copy) - 5.5",'-1,,,1450000
4788,"Anillo en oro amarillo estilo OCTAGON (Copy) - 6.0",'-1,,,1550000
4789,"Anillo en oro amarillo estilo OCTAGON (Copy) - 6.3",'-1,,,1550000
4790,"Anillo en oro amarillo estilo OCTAGON (Copy) - 6.5",'-1,,,1550000
4791,"Anillo en oro amarillo estilo OCTAGON (Copy) - 7.0",'-1,,,1550000
4792,"Anillo en oro amarillo estilo OCTAGON (Copy) - 7.3",'-1,,,1550000
4793,"Anillo en oro amarillo estilo OCTAGON (Copy) - 7.5",'-1,,,1550000
4794,"Anillo en oro amarillo estilo OCTAGON (Copy) - 8.0",'-1,,,1550000
4795,"Anillo en oro amarillo estilo OCTAGON (Copy) - 8.3",'-1,,,1550000
4796,"Anillo en oro amarillo estilo OCTAGON (Copy) - 8.5",'-1,,,1550000
4797,"Anillo en oro amarillo estilo OCTAGON (Copy) - 9.0",'-1,,,1550000
4798,"Anillo en oro amarillo estilo OCTAGON (Copy) - 9.3",'-1,,,1550000
4799,"Anillo en oro amarillo estilo OCTAGON (Copy) - 9.5",'-1,,,1550000
4800,"Anillo en oro amarillo estilo OCTAGON (Copy) - 10.0",'-1,,,1550000
4890,"Aretes en oro amarillo con diamantes ajuste de BARRA",1,"EWA Joyería, aretes en oro amarillo con diamantes ajuste de BARRA.\n\n0.15ct quilates de diamante en total.\n\nCOLOR DE DIAMANTE I-H\n\n<a style=""font-size: 16px; background-color: #ffffff;"" href=""https://ewajoyeria.com/index.php/2024/03/28/color-y-quilates-de-los-diamantes-utilizados-en-ewa-joyeria/"">¿Qué significa esto?</a>\n\nHecho en Colombia con oro responsable y diamantes certificados.\n\nConoce nuestro oro: <a href=""https://ewajoyeria.com/index.php/oro-responsable/"">ORO RESPONSABLE</a>\n\nGarantía de por vida para mantenimiento y limpieza.","EWA Joyería, aretes en oro amarillo con diamantes ajuste de BARRA.\n\n0.15ct quilates de diamante en total.\n\nCOLOR DE DIAMANTE I-H\n\n<a style=""font-size: 16px; background-color: #ffffff;"" href=""https://ewajoyeria.com/index.php/2024/03/28/color-y-quilates-de-los-diamantes-utilizados-en-ewa-joyeria/"">¿Qué significa esto?</a>\n\nHecho en Colombia con oro responsable y diamantes certificados.\n\nConoce nuestro oro: <a href=""https://ewajoyeria.com/index.php/oro-responsable/"">ORO RESPONSABLE</a>\n\nGarantía de por vida para mantenimiento y limpieza.\n\nPolítica de devoluciones:\n\nSi no está completamente satisfecho con su anillo de oro, aceptamos devoluciones dentro de los 30 días posteriores a la compra. El anillo debe estar en su estado original y sin usar. Para procesar una devolución, comuníquese con nuestro servicio al cliente para obtener más información sobre el proceso de devolución y el reembolso. Tenga en cuenta que los gastos de envío no son reembolsables. ver más detalles aquí.",
4891,"Aretes en oro amarillo con diamantes ajuste de BARRA - Talla Única, Oro Amarillo",1,,,1290000
4980,"Anillo oro amarillo con diamantes ESCALOPA 4",1,"Anillo en oro amarillo con diamantes ajuste ESCALOPA 4\n\nHecho en Colombia con materiales de alta calidad.\n\nConoce nuestro oro: <a href=""https://ewajoyeria.com/index.php/oro-responsable/"">ORO RESPONSABLE</a>\n\nHecho en Colombia, materiales alta calidad y garantía mantenimiento.","Anillo oro amarillo con diamantes ajuste ESCALOPA 4\n\n0.35 ct de diamante en total\n\nCOLOR DE DIAMANTE I-H\n\n<a style=""font-size: 16px; background-color: #ffffff;"" href=""https://ewajoyeria.com/index.php/2024/03/28/color-y-quilates-de-los-diamantes-utilizados-en-ewa-joyeria/"">¿Qué significa esto?</a>\n\nHecho en Colombia con materiales de alta calidad.\n\nConoce nuestro oro: <a href=""https://ewajoyeria.com/index.php/oro-responsable/"">ORO RESPONSABLE</a>\n\nGarantía de por vida para mantenimiento y limpieza.\n\n¿No sabe la medida de su anillo?, con su celular de clic en este link y siga está guía (en inglés) <a href=""https://ringsizer.moonmagic.com/"">https://ringsizer.moonmagic.com/ </a>\n\nPolítica de devoluciones:\n\nSi no está completamente satisfecho con su anillo de oro, aceptamos devoluciones dentro de los 30 días posteriores a la compra. El anillo debe estar en su estado original y sin usar. Para procesar una devolución, comuníquese con nuestro servicio al cliente para obtener más información sobre el proceso de devolución y el reembolso. Tenga en cuenta que los gastos de envío no son reembolsables. ver más detalles aquí.",
4981,"Anillo oro amarillo con diamantes ESCALOPA 4 - 4.0",1,,,2650000
4982,"Anillo oro amarillo con diamantes ESCALOPA 4 - 4.3",1,,,2650000
4983,"Anillo oro amarillo con diamantes ESCALOPA 4 - 4.5",1,,,2650000
4984,"Anillo oro amarillo con diamantes ESCALOPA 4 - 5.0",1,,,2650000
4985,"Anillo oro amarillo con diamantes ESCALOPA 4 - 5.3",1,,,2650000
4986,"Anillo oro amarillo con diamantes ESCALOPA 4 - 5.5",1,,,2650000
4987,"Anillo oro amarillo con diamantes ESCALOPA 4 - 6.0",1,,,2650000
4988,"Anillo oro amarillo con diamantes ESCALOPA 4 - 6.3",1,,,2650000
4989,"Anillo oro amarillo con diamantes ESCALOPA 4 - 6.5",1,,,2650000
4990,"Anillo oro amarillo con diamantes ESCALOPA 4 - 7.0",1,,,2750000
4991,"Anillo oro amarillo con diamantes ESCALOPA 4 - 7.3",1,,,2750000
4992,"Anillo oro amarillo con diamantes ESCALOPA 4 - 7.5",1,,,2750000
4993,"Anillo oro amarillo con diamantes ESCALOPA 4 - 8.0",1,,,2750000
4994,"Anillo oro amarillo con diamantes ESCALOPA 4 - 8.3",1,,,2750000
4995,"Anillo oro amarillo con diamantes ESCALOPA 4 - 8.5",1,,,2750000
4996,"Anillo oro amarillo con diamantes ESCALOPA 4 - 9.0",1,,,2750000
4997,"Anillo oro amarillo con diamantes ESCALOPA 4 - 9.3",1,,,2750000
4998,"Anillo oro amarillo con diamantes ESCALOPA 4 - 9.5",1,,,2750000
4999,"Anillo oro amarillo con diamantes ESCALOPA 4 - 10.0",1,,,2750000
5198,"Anillo de compromiso diamante SOLITARIO en oro blanco ajuste CÓMODO - 4.0",1,,,8150000
5199,"Anillo de compromiso diamante SOLITARIO en oro blanco ajuste CÓMODO - 4.3",1,,,8150000
5200,"Anillo de compromiso diamante SOLITARIO en oro blanco ajuste CÓMODO - 4.5",1,,,8150000
5201,"Anillo de compromiso diamante SOLITARIO en oro blanco ajuste CÓMODO - 5.0",1,,,8150000
5202,"Anillo de compromiso diamante SOLITARIO en oro blanco ajuste CÓMODO - 5.3",1,,,8150000
5203,"Anillo de compromiso diamante SOLITARIO en oro blanco ajuste CÓMODO - 5.5",1,,,8150000
5204,"Anillo de compromiso diamante SOLITARIO en oro blanco ajuste CÓMODO - 6.0",1,,,8150000
5205,"Anillo de compromiso diamante SOLITARIO en oro blanco ajuste CÓMODO - 6.3",1,,,8150000
5206,"Anillo de compromiso diamante SOLITARIO en oro blanco ajuste CÓMODO - 6.5",1,,,8150000
5207,"Anillo de compromiso diamante SOLITARIO en oro blanco ajuste CÓMODO - 7.0",1,,,8150000
5208,"Anillo de compromiso diamante SOLITARIO en oro blanco ajuste CÓMODO - 7.3",1,,,8150000
5209,"Anillo de compromiso diamante SOLITARIO en oro blanco ajuste CÓMODO - 7.5",1,,,8250000
5210,"Anillo de compromiso diamante SOLITARIO en oro blanco ajuste CÓMODO - 8.0",1,,,8250000
5211,"Anillo de compromiso diamante SOLITARIO en oro blanco ajuste CÓMODO - 8.3",1,,,8250000
5212,"Anillo de compromiso diamante SOLITARIO en oro blanco ajuste CÓMODO - 8.5",1,,,8250000
5213,"Anillo de compromiso diamante SOLITARIO en oro blanco ajuste CÓMODO - 9.0",1,,,8250000
5214,"Anillo de compromiso diamante SOLITARIO en oro blanco ajuste CÓMODO - 9.3",1,,,8250000
5215,"Anillo de compromiso diamante SOLITARIO en oro blanco ajuste CÓMODO - 9.5",1,,,8250000
5216,"Anillo de compromiso diamante SOLITARIO en oro blanco ajuste CÓMODO - 10.0",1,,,8250000
5224,"Anillo oro amarillo con diamantes y rubíes MARQUESA",1,"Anillo en oro amarillo con diamantes y rubíes MARQUESA\n\nHecho en Colombia con materiales de alta calidad.\n\n0.30 ct de diamante en total\n\n0.50 ct de rubiés NATURALES\n\nCOLOR DE DIAMANTE I-H\n\n<a style=""font-size: 16px; background-color: #ffffff;"" href=""https://ewajoyeria.com/index.php/2024/03/28/color-y-quilates-de-los-diamantes-utilizados-en-ewa-joyeria/"">¿Qué significa esto?</a>\n\nConoce nuestro oro: <a href=""https://ewajoyeria.com/index.php/oro-responsable/"">ORO RESPONSABLE</a>\n\nHecho en Colombia, materiales alta calidad y garantía mantenimiento.","Anillo oro amarillo con diamantes y rubíes MARQUESA\n\n0.30 ct de diamante en total\n\n0.50 ct de rubiés NATURALES\n\nCOLOR DE DIAMANTE I-H\n\n<a style=""font-size: 16px; background-color: #ffffff;"" href=""https://ewajoyeria.com/index.php/2024/03/28/color-y-quilates-de-los-diamantes-utilizados-en-ewa-joyeria/"">¿Qué significa esto?</a>\n\nHecho en Colombia con materiales de alta calidad.\n\nConoce nuestro oro: <a href=""https://ewajoyeria.com/index.php/oro-responsable/"">ORO RESPONSABLE</a>\n\nGarantía de por vida para mantenimiento y limpieza.\n\n¿No sabe la medida de su anillo?, con su celular de clic en este link y siga está guía (en inglés) <a href=""https://ringsizer.moonmagic.com/"">https://ringsizer.moonmagic.com/ </a>\n\nPolítica de devoluciones:\n\nSi no está completamente satisfecho con su anillo de oro, aceptamos devoluciones dentro de los 30 días posteriores a la compra. El anillo debe estar en su estado original y sin usar. Para procesar una devolución, comuníquese con nuestro servicio al cliente para obtener más información sobre el proceso de devolución y el reembolso. Tenga en cuenta que los gastos de envío no son reembolsables. ver más detalles aquí.",
5225,"Anillo oro amarillo con diamantes y rubíes MARQUESA - 4.0",1,,,2950000
5226,"Anillo oro amarillo con diamantes y rubíes MARQUESA - 4.3",1,,,2950000
5227,"Anillo oro amarillo con diamantes y rubíes MARQUESA - 4.5",1,,,2950000
5228,"Anillo oro amarillo con diamantes y rubíes MARQUESA - 5.0",1,,,2950000
5229,"Anillo oro amarillo con diamantes y rubíes MARQUESA - 5.3",1,,,2950000
5230,"Anillo oro amarillo con diamantes y rubíes MARQUESA - 5.5",1,,,2950000
5231,"Anillo oro amarillo con diamantes y rubíes MARQUESA - 6.0",1,,,2950000
5232,"Anillo oro amarillo con diamantes y rubíes MARQUESA - 6.3",1,,,2950000
5233,"Anillo oro amarillo con diamantes y rubíes MARQUESA - 6.5",1,,,2950000
5234,"Anillo oro amarillo con diamantes y rubíes MARQUESA - 7.0",1,,,2950000
5235,"Anillo oro amarillo con diamantes y rubíes MARQUESA - 7.3",1,,,2975000
5236,"Anillo oro amarillo con diamantes y rubíes MARQUESA - 7.5",1,,,2975000
5237,"Anillo oro amarillo con diamantes y rubíes MARQUESA - 8.0",1,,,2975000
5238,"Anillo oro amarillo con diamantes y rubíes MARQUESA - 8.3",1,,,2975000
5239,"Anillo oro amarillo con diamantes y rubíes MARQUESA - 8.5",1,,,2975000
5240,"Anillo oro amarillo con diamantes y rubíes MARQUESA - 9.0",1,,,2975000
5241,"Anillo oro amarillo con diamantes y rubíes MARQUESA - 9.3",1,,,2975000
5242,"Anillo oro amarillo con diamantes y rubíes MARQUESA - 9.5",1,,,2975000
5243,"Anillo oro amarillo con diamantes y rubíes MARQUESA - 10.0",1,,,2975000
